{
  "display": {
    "description":   "Has obtenido Golden chestplate.",
"title": "Golden chestplate",
          "icon": {
      "id": "minecraft:golden_chestplate"
    },
      "frame": "goal",
      "show_toast": true,
      "announce_to_chat": true,
      "hidden": false
  },
  "criteria": {
    "requirement": {
      "trigger": "minecraft:inventory_changed",
      "conditions": {
        "items": [
          {
           "items":[ "minecraft:golden_chestplate" ]}          
        ]
      }
    }
  },
  "rewards": {
    "function": "minecraft:combate/goldenchestplate"
  },
  "parent": "fullitem:combate/chainmailchestplate"
}