{
  "display": {
    "description":   "Has obtenido Mace.",
"title": "Mace",
          "icon": {
      "id": "minecraft:mace"
    },
      "frame": "goal",
      "show_toast": true,
      "announce_to_chat": true,
      "hidden": false
  },
  "criteria": {
    "requirement": {
      "trigger": "minecraft:inventory_changed",
      "conditions": {
        "items": [
          {
           "items":[ "minecraft:mace" ]}          
        ]
      }
    }
  },
  "rewards": {
    "function": "minecraft:combate/mace"
  },
  "parent": "fullitem:combate/trident"
}