{
  "display": {
    "description":   "Has obtenido Trident.",
"title": "Trident",
          "icon": {
      "id": "minecraft:trident"
    },
      "frame": "goal",
      "show_toast": true,
      "announce_to_chat": true,
      "hidden": false
  },
  "criteria": {
    "requirement": {
      "trigger": "minecraft:inventory_changed",
      "conditions": {
        "items": [
          {
           "items":[ "minecraft:trident" ]}          
        ]
      }
    }
  },
  "rewards": {
    "function": "minecraft:combate/trident"
  },
  "parent": "fullitem:combate/goldenhelmet"
}