{
    "display": {
        "icon": {
            "id": "minecraft:netherite_sword"
        },
        "title":"Combate",
        "description": "Obten todos los item de combate",
        "background": "minecraft:textures/block/obsidian.png",
        "show_toast": false,
        "announce_to_chat": false
    },
	"rewards": {
		"function": "minecraft:combate/root"
    },		
       "criteria": {
        "item": {
            "trigger": "minecraft:inventory_changed",
            "conditions": {
            }
        }
    }
}