{
  "display": {
    "description":   "Has obtenido Spectral arrow.",
"title": "Spectral arrow",
          "icon": {
      "id": "minecraft:spectral_arrow"
    },
      "frame": "goal",
      "show_toast": true,
      "announce_to_chat": true,
      "hidden": false
  },
  "criteria": {
    "requirement": {
      "trigger": "minecraft:inventory_changed",
      "conditions": {
        "items": [
          {
           "items":[ "minecraft:spectral_arrow" ]}          
        ]
      }
    }
  },
  "rewards": {
    "function": "minecraft:combate/spectralarrow"
  },
  "parent": "fullitem:combate/diamondchestplate"
}