{
  "display": {
    "description":   "Has obtenido Diamond leggings.",
"title": "Diamond leggings",
          "icon": {
      "id": "minecraft:diamond_leggings"
    },
      "frame": "goal",
      "show_toast": true,
      "announce_to_chat": true,
      "hidden": false
  },
  "criteria": {
    "requirement": {
      "trigger": "minecraft:inventory_changed",
      "conditions": {
        "items": [
          {
           "items":[ "minecraft:diamond_leggings" ]}          
        ]
      }
    }
  },
  "rewards": {
    "function": "minecraft:combate/diamondleggings"
  },
  "parent": "fullitem:combate/leatherleggings"
}