{
  "display": {
    "description":   "Has obtenido Iron helmet.",
"title": "Iron helmet",
          "icon": {
      "id": "minecraft:iron_helmet"
    },
      "frame": "goal",
      "show_toast": true,
      "announce_to_chat": true,
      "hidden": false
  },
  "criteria": {
    "requirement": {
      "trigger": "minecraft:inventory_changed",
      "conditions": {
        "items": [
          {
           "items":[ "minecraft:iron_helmet" ]}          
        ]
      }
    }
  },
  "rewards": {
    "function": "minecraft:combate/ironhelmet"
  },
  "parent": "fullitem:combate/goldenchestplate"
}