{
  "display": {
    "description":   "Has obtenido Black stained glass pane.",
"title": "Black stained glass pane",
          "icon": {
      "id": "minecraft:black_stained_glass_pane"
    },
      "frame": "goal",
      "show_toast": true,
      "announce_to_chat": true,
      "hidden": false
  },
  "criteria": {
    "requirement": {
      "trigger": "minecraft:inventory_changed",
      "conditions": {
        "items": [
          {
           "items":[ "minecraft:black_stained_glass_pane" ]}          
        ]
      }
    }
  },
  "rewards": {
    "function": "minecraft:decoracion/blackstainedglasspane"
  },
  "parent": "fullitem:decoracion/graystainedglasspane"
}