{
  "display": {
    "description":   "Has obtenido Poisonous potato.",
"title": "Poisonous potato",
          "icon": {
      "id": "minecraft:poisonous_potato"
    },
      "frame": "goal",
      "show_toast": true,
      "announce_to_chat": true,
      "hidden": false
  },
  "criteria": {
    "requirement": {
      "trigger": "minecraft:inventory_changed",
      "conditions": {
        "items": [
          {
           "items":[ "minecraft:poisonous_potato" ]}          
        ]
      }
    }
  },
  "rewards": {
    "function": "minecraft:alimentacion/poisonouspotato"
  },
  "parent": "fullitem:alimentacion/driedkelp"
}