{
  "display": {
    "description":   "Has obtenido Rotten flesh.",
"title": "Rotten flesh",
          "icon": {
      "id": "minecraft:rotten_flesh"
    },
      "frame": "goal",
      "show_toast": true,
      "announce_to_chat": true,
      "hidden": false
  },
  "criteria": {
    "requirement": {
      "trigger": "minecraft:inventory_changed",
      "conditions": {
        "items": [
          {
           "items":[ "minecraft:rotten_flesh" ]}          
        ]
      }
    }
  },
  "rewards": {
    "function": "minecraft:alimentacion/rottenflesh"
  },
  "parent": "fullitem:alimentacion/cookie"
}