{
  "display": {
    "description": {
      "text": "Has obtenido Cut sandstone.",
      "color": "yellow"
    },
    "title": {
      "text": " Cut sandstone ",
      "color": "white"
    },
    "icon": {
      "item": "minecraft:cut_sandstone"
    },
      "frame": "goal",
      "show_toast": true,
      "announce_to_chat": true,
      "hidden": false
  },
  "criteria": {
    "stone": {
      "trigger": "minecraft:inventory_changed",
      "conditions": {
        "items": [
          {
           "items":[ "minecraft:cut_sandstone" ]}          
        ]
      }
    }
  },
  "rewards": {
    "function": "function:construccion/cutsandstone"
  },
  "parent": "fullitem:construccion/smoothbasalt"
}