{
  "display": {
    "description": {
      "text": "Has obtenido Dark oak slab.",
      "color": "yellow"
    },
    "title": {
      "text": " Dark oak slab ",
      "color": "white"
    },
    "icon": {
      "item": "minecraft:dark_oak_slab"
    },
      "frame": "goal",
      "show_toast": true,
      "announce_to_chat": true,
      "hidden": false
  },
  "criteria": {
    "stone": {
      "trigger": "minecraft:inventory_changed",
      "conditions": {
        "items": [
          {
           "items":[ "minecraft:dark_oak_slab" ]}          
        ]
      }
    }
  },
  "rewards": {
    "function": "function:construccion/darkoakslab"
  },
  "parent": "fullitem:construccion/cutsandstone"
}