{
  "display": {
    "description": {
      "text": "Has obtenido Exposed cut copper.",
      "color": "yellow"
    },
    "title": {
      "text": " Exposed cut copper ",
      "color": "white"
    },
    "icon": {
      "item": "minecraft:exposed_cut_copper"
    },
      "frame": "goal",
      "show_toast": true,
      "announce_to_chat": true,
      "hidden": false
  },
  "criteria": {
    "stone": {
      "trigger": "minecraft:inventory_changed",
      "conditions": {
        "items": [
          {
           "items":[ "minecraft:exposed_cut_copper" ]}          
        ]
      }
    }
  },
  "rewards": {
    "function": "function:construccion/exposedcutcopper"
  },
  "parent": "fullitem:construccion/rawgoldblock"
}