{
  "display": {
    "description": {
      "text": "Has obtenido Mushroom stem.",
      "color": "yellow"
    },
    "title": {
      "text": " Mushroom stem ",
      "color": "white"
    },
    "icon": {
      "item": "minecraft:mushroom_stem"
    },
      "frame": "goal",
      "show_toast": true,
      "announce_to_chat": true,
      "hidden": false
  },
  "criteria": {
    "stone": {
      "trigger": "minecraft:inventory_changed",
      "conditions": {
        "items": [
          {
           "items":[ "minecraft:mushroom_stem" ]}          
        ]
      }
    }
  },
  "rewards": {
    "function": "function:construccion/mushroomstem"
  },
  "parent": "fullitem:construccion/cryingobsidian"
}