{
  "display": {
    "description": {
      "text": "Has obtenido Smooth sandstone slab.",
      "color": "yellow"
    },
    "title": {
      "text": " Smooth sandstone slab ",
      "color": "white"
    },
    "icon": {
      "item": "minecraft:smooth_sandstone_slab"
    },
      "frame": "goal",
      "show_toast": true,
      "announce_to_chat": true,
      "hidden": false
  },
  "criteria": {
    "stone": {
      "trigger": "minecraft:inventory_changed",
      "conditions": {
        "items": [
          {
           "items":[ "minecraft:smooth_sandstone_slab" ]}          
        ]
      }
    }
  },
  "rewards": {
    "function": "function:construccion/smoothsandstoneslab"
  },
  "parent": "fullitem:construccion/polisheddioriteslab"
}