{
  "display": {
    "description": {
      "text": "Has obtenido Stripped crimson hyphae.",
      "color": "yellow"
    },
    "title": {
      "text": " Stripped crimson hyphae ",
      "color": "white"
    },
    "icon": {
      "item": "minecraft:stripped_crimson_hyphae"
    },
      "frame": "goal",
      "show_toast": true,
      "announce_to_chat": true,
      "hidden": false
  },
  "criteria": {
    "stone": {
      "trigger": "minecraft:inventory_changed",
      "conditions": {
        "items": [
          {
           "items":[ "minecraft:stripped_crimson_hyphae" ]}          
        ]
      }
    }
  },
  "rewards": {
    "function": "function:construccion/strippedcrimsonhyphae"
  },
  "parent": "fullitem:construccion/rooteddirt"
}