{
  "display": {
    "description": {
      "text": "Has obtenido Stripped warped hyphae.",
      "color": "yellow"
    },
    "title": {
      "text": " Stripped warped hyphae ",
      "color": "white"
    },
    "icon": {
      "item": "minecraft:stripped_warped_hyphae"
    },
      "frame": "goal",
      "show_toast": true,
      "announce_to_chat": true,
      "hidden": false
  },
  "criteria": {
    "stone": {
      "trigger": "minecraft:inventory_changed",
      "conditions": {
        "items": [
          {
           "items":[ "minecraft:stripped_warped_hyphae" ]}          
        ]
      }
    }
  },
  "rewards": {
    "function": "function:construccion/strippedwarpedhyphae"
  },
  "parent": "fullitem:construccion/warpedstem"
}