{
  "display": {
    "description": {
      "text": "Has obtenido Weathered cut copper slab.",
      "color": "yellow"
    },
    "title": {
      "text": " Weathered cut copper slab ",
      "color": "white"
    },
    "icon": {
      "item": "minecraft:weathered_cut_copper_slab"
    },
      "frame": "goal",
      "show_toast": true,
      "announce_to_chat": true,
      "hidden": false
  },
  "criteria": {
    "stone": {
      "trigger": "minecraft:inventory_changed",
      "conditions": {
        "items": [
          {
           "items":[ "minecraft:weathered_cut_copper_slab" ]}          
        ]
      }
    }
  },
  "rewards": {
    "function": "function:construccion/weatheredcutcopperslab"
  },
  "parent": "fullitem:construccion/waxedcutcopperslab"
}