{
  "display": {
    "description":   "Has obtenido Armor stand.",
"title": "Armor stand",
          "icon": {
      "id": "minecraft:armor_stand"
    },
      "frame": "goal",
      "show_toast": true,
      "announce_to_chat": true,
      "hidden": false
  },
  "criteria": {
    "requirement": {
      "trigger": "minecraft:inventory_changed",
      "conditions": {
        "items": [
          {
           "items":[ "minecraft:armor_stand" ]}          
        ]
      }
    }
  },
  "rewards": {
    "function": "minecraft:decoracion/armorstand"
  },
  "parent": "fullitem:decoracion/itemframe"
}