{
  "display": {
    "description":   "Has obtenido Golden apple.",
"title": "Golden apple",
          "icon": {
      "id": "minecraft:golden_apple"
    },
      "frame": "goal",
      "show_toast": true,
      "announce_to_chat": true,
      "hidden": false
  },
  "criteria": {
    "requirement": {
      "trigger": "minecraft:inventory_changed",
      "conditions": {
        "items": [
          {
           "items":[ "minecraft:golden_apple" ]}          
        ]
      }
    }
  },
  "rewards": {
    "function": "minecraft:alimentacion/goldenapple"
  },
  "parent": "fullitem:alimentacion/root"
}