{
  "display": {
    "description":   "Has obtenido Porkchop.",
"title": "Porkchop",
          "icon": {
      "id": "minecraft:porkchop"
    },
      "frame": "goal",
      "show_toast": true,
      "announce_to_chat": true,
      "hidden": false
  },
  "criteria": {
    "requirement": {
      "trigger": "minecraft:inventory_changed",
      "conditions": {
        "items": [
          {
           "items":[ "minecraft:porkchop" ]}          
        ]
      }
    }
  },
  "rewards": {
    "function": "minecraft:alimentacion/porkchop"
  },
  "parent": "fullitem:alimentacion/root"
}