{
  "display": {
    "description": {
      "text": "Has obtenido Light gray terracotta.",
      "color": "yellow"
    },
    "title": {
      "text": " Light gray terracotta ",
      "color": "white"
    },
    "icon": {
      "item": "minecraft:light_gray_terracotta"
    },
      "frame": "goal",
      "show_toast": true,
      "announce_to_chat": true,
      "hidden": false
  },
  "criteria": {
    "stone": {
      "trigger": "minecraft:inventory_changed",
      "conditions": {
        "items": [
          {
           "items":[ "minecraft:light_gray_terracotta" ]}          
        ]
      }
    }
  },
  "rewards": {
    "function": "function:construccion/lightgrayterracotta"
  },
  "parent": "fullitem:construccion/whiteterracotta"
}