{
  "display": {
    "description": {
      "text": "Has obtenido Muddy mangrove roots.",
      "color": "yellow"
    },
    "title": {
      "text": " Muddy mangrove roots ",
      "color": "white"
    },
    "icon": {
      "item": "minecraft:muddy_mangrove_roots"
    },
      "frame": "goal",
      "show_toast": true,
      "announce_to_chat": true,
      "hidden": false
  },
  "criteria": {
    "stone": {
      "trigger": "minecraft:inventory_changed",
      "conditions": {
        "items": [
          {
           "items":[ "minecraft:muddy_mangrove_roots" ]}          
        ]
      }
    }
  },
  "rewards": {
    "function": "function:construccion/muddymangroveroots"
  },
  "parent": "fullitem:construccion/stonebrickslab"
}