{
  "display": {
    "description": {
      "text": "Has obtenido Oak wood.",
      "color": "yellow"
    },
    "title": {
      "text": " Oak wood ",
      "color": "white"
    },
    "icon": {
      "item": "minecraft:oak_wood"
    },
      "frame": "goal",
      "show_toast": true,
      "announce_to_chat": true,
      "hidden": false
  },
  "criteria": {
    "stone": {
      "trigger": "minecraft:inventory_changed",
      "conditions": {
        "items": [
          {
           "items":[ "minecraft:oak_wood" ]}          
        ]
      }
    }
  },
  "rewards": {
    "function": "function:construccion/oakwood"
  },
  "parent": "fullitem:construccion/strippedacacialog"
}