{
  "display": {
    "description": {
      "text": "Has obtenido Orange stained glass.",
      "color": "yellow"
    },
    "title": {
      "text": " Orange stained glass ",
      "color": "white"
    },
    "icon": {
      "item": "minecraft:orange_stained_glass"
    },
      "frame": "goal",
      "show_toast": true,
      "announce_to_chat": true,
      "hidden": false
  },
  "criteria": {
    "stone": {
      "trigger": "minecraft:inventory_changed",
      "conditions": {
        "items": [
          {
           "items":[ "minecraft:orange_stained_glass" ]}          
        ]
      }
    }
  },
  "rewards": {
    "function": "function:construccion/orangestainedglass"
  },
  "parent": "fullitem:construccion/blackterracotta"
}