{
  "display": {
    "description": {
      "text": "Has obtenido Stripped dark oak wood.",
      "color": "yellow"
    },
    "title": {
      "text": " Stripped dark oak wood ",
      "color": "white"
    },
    "icon": {
      "item": "minecraft:stripped_dark_oak_wood"
    },
      "frame": "goal",
      "show_toast": true,
      "announce_to_chat": true,
      "hidden": false
  },
  "criteria": {
    "stone": {
      "trigger": "minecraft:inventory_changed",
      "conditions": {
        "items": [
          {
           "items":[ "minecraft:stripped_dark_oak_wood" ]}          
        ]
      }
    }
  },
  "rewards": {
    "function": "function:construccion/strippeddarkoakwood"
  },
  "parent": "fullitem:construccion/strippedjunglelog"
}