{
  "display": {
    "description": {
      "text": "Has obtenido Waxed exposed copper.",
      "color": "yellow"
    },
    "title": {
      "text": " Waxed exposed copper ",
      "color": "white"
    },
    "icon": {
      "item": "minecraft:waxed_exposed_copper"
    },
      "frame": "goal",
      "show_toast": true,
      "announce_to_chat": true,
      "hidden": false
  },
  "criteria": {
    "stone": {
      "trigger": "minecraft:inventory_changed",
      "conditions": {
        "items": [
          {
           "items":[ "minecraft:waxed_exposed_copper" ]}          
        ]
      }
    }
  },
  "rewards": {
    "function": "function:construccion/waxedexposedcopper"
  },
  "parent": "fullitem:construccion/strippedbambooblock"
}