{
  "display": {
    "description": {
      "text": "Has obtenido Waxed oxidized cut copper.",
      "color": "yellow"
    },
    "title": {
      "text": " Waxed oxidized cut copper ",
      "color": "white"
    },
    "icon": {
      "item": "minecraft:waxed_oxidized_cut_copper"
    },
      "frame": "goal",
      "show_toast": true,
      "announce_to_chat": true,
      "hidden": false
  },
  "criteria": {
    "stone": {
      "trigger": "minecraft:inventory_changed",
      "conditions": {
        "items": [
          {
           "items":[ "minecraft:waxed_oxidized_cut_copper" ]}          
        ]
      }
    }
  },
  "rewards": {
    "function": "function:construccion/waxedoxidizedcutcopper"
  },
  "parent": "fullitem:construccion/exposedcopper"
}