{
  "display": {
    "description":   "Has obtenido Bamboo.",
"title": "Bamboo",
          "icon": {
      "id": "minecraft:bamboo"
    },
      "frame": "goal",
      "show_toast": true,
      "announce_to_chat": true,
      "hidden": false
  },
  "criteria": {
    "requirement": {
      "trigger": "minecraft:inventory_changed",
      "conditions": {
        "items": [
          {
           "items":[ "minecraft:bamboo" ]}          
        ]
      }
    }
  },
  "rewards": {
    "function": "minecraft:decoracion/bamboo"
  },
  "parent": "fullitem:decoracion/jungleleaves"
}