{
  "display": {
    "description":   "Has obtenido Leather chestplate.",
"title": "Leather chestplate",
          "icon": {
      "id": "minecraft:leather_chestplate"
    },
      "frame": "goal",
      "show_toast": true,
      "announce_to_chat": true,
      "hidden": false
  },
  "criteria": {
    "requirement": {
      "trigger": "minecraft:inventory_changed",
      "conditions": {
        "items": [
          {
           "items":[ "minecraft:leather_chestplate" ]}          
        ]
      }
    }
  },
  "rewards": {
    "function": "minecraft:combate/leatherchestplate"
  },
  "parent": "fullitem:combate/wolfarmor"
}