{
  "display": {
    "description":   "Has obtenido Bamboo fence.",
"title": "Bamboo fence",
          "icon": {
      "id": "minecraft:bamboo_fence"
    },
      "frame": "goal",
      "show_toast": true,
      "announce_to_chat": true,
      "hidden": false
  },
  "criteria": {
    "requirement": {
      "trigger": "minecraft:inventory_changed",
      "conditions": {
        "items": [
          {
           "items":[ "minecraft:bamboo_fence" ]}          
        ]
      }
    }
  },
  "rewards": {
    "function": "minecraft:construccion/bamboofence"
  },
  "parent": "fullitem:construccion/blackstonestairs"
}