{
  "display": {
    "description":   "Has obtenido Cherry wood.",
"title": "Cherry wood",
          "icon": {
      "id": "minecraft:cherry_wood"
    },
      "frame": "goal",
      "show_toast": true,
      "announce_to_chat": true,
      "hidden": false
  },
  "criteria": {
    "requirement": {
      "trigger": "minecraft:inventory_changed",
      "conditions": {
        "items": [
          {
           "items":[ "minecraft:cherry_wood" ]}          
        ]
      }
    }
  },
  "rewards": {
    "function": "minecraft:construccion/cherrywood"
  },
  "parent": "fullitem:construccion/verdantfroglight"
}