{
  "display": {
    "description":   "Has obtenido Clay.",
"title": "Clay",
          "icon": {
      "id": "minecraft:clay"
    },
      "frame": "goal",
      "show_toast": true,
      "announce_to_chat": true,
      "hidden": false
  },
  "criteria": {
    "requirement": {
      "trigger": "minecraft:inventory_changed",
      "conditions": {
        "items": [
          {
           "items":[ "minecraft:clay" ]}          
        ]
      }
    }
  },
  "rewards": {
    "function": "minecraft:construccion/clay"
  },
  "parent": "fullitem:construccion/deepslategoldore"
}