{
  "display": {
    "description":   "Has obtenido Cobbled deepslate stairs.",
"title": "Cobbled deepslate stairs",
          "icon": {
      "id": "minecraft:cobbled_deepslate_stairs"
    },
      "frame": "goal",
      "show_toast": true,
      "announce_to_chat": true,
      "hidden": false
  },
  "criteria": {
    "requirement": {
      "trigger": "minecraft:inventory_changed",
      "conditions": {
        "items": [
          {
           "items":[ "minecraft:cobbled_deepslate_stairs" ]}          
        ]
      }
    }
  },
  "rewards": {
    "function": "minecraft:construccion/cobbleddeepslatestairs"
  },
  "parent": "fullitem:construccion/graniteslab"
}