{
  "display": {
    "description":   "Has obtenido Creaking heart.",
"title": "Creaking heart",
          "icon": {
      "id": "minecraft:creaking_heart"
    },
      "frame": "goal",
      "show_toast": true,
      "announce_to_chat": true,
      "hidden": false
  },
  "criteria": {
    "requirement": {
      "trigger": "minecraft:inventory_changed",
      "conditions": {
        "items": [
          {
           "items":[ "minecraft:creaking_heart" ]}          
        ]
      }
    }
  },
  "rewards": {
    "function": "minecraft:construccion/creakingheart"
  },
  "parent": "fullitem:construccion/driedkelpblock"
}