{
  "display": {
    "description":   "Has obtenido Jungle slab.",
"title": "Jungle slab",
          "icon": {
      "id": "minecraft:jungle_slab"
    },
      "frame": "goal",
      "show_toast": true,
      "announce_to_chat": true,
      "hidden": false
  },
  "criteria": {
    "requirement": {
      "trigger": "minecraft:inventory_changed",
      "conditions": {
        "items": [
          {
           "items":[ "minecraft:jungle_slab" ]}          
        ]
      }
    }
  },
  "rewards": {
    "function": "minecraft:construccion/jungleslab"
  },
  "parent": "fullitem:construccion/sandstone"
}