{
  "display": {
    "description":   "Has obtenido Light blue stained glass.",
"title": "Light blue stained glass",
          "icon": {
      "id": "minecraft:light_blue_stained_glass"
    },
      "frame": "goal",
      "show_toast": true,
      "announce_to_chat": true,
      "hidden": false
  },
  "criteria": {
    "requirement": {
      "trigger": "minecraft:inventory_changed",
      "conditions": {
        "items": [
          {
           "items":[ "minecraft:light_blue_stained_glass" ]}          
        ]
      }
    }
  },
  "rewards": {
    "function": "minecraft:construccion/lightbluestainedglass"
  },
  "parent": "fullitem:construccion/terracotta"
}