{
  "display": {
    "description":   "Has obtenido Mossy cobblestone.",
"title": "Mossy cobblestone",
          "icon": {
      "id": "minecraft:mossy_cobblestone"
    },
      "frame": "goal",
      "show_toast": true,
      "announce_to_chat": true,
      "hidden": false
  },
  "criteria": {
    "requirement": {
      "trigger": "minecraft:inventory_changed",
      "conditions": {
        "items": [
          {
           "items":[ "minecraft:mossy_cobblestone" ]}          
        ]
      }
    }
  },
  "rewards": {
    "function": "minecraft:construccion/mossycobblestone"
  },
  "parent": "fullitem:construccion/cobbleddeepslate"
}