{
  "display": {
    "description":   "Has obtenido Pale oak planks.",
"title": "Pale oak planks",
          "icon": {
      "id": "minecraft:pale_oak_planks"
    },
      "frame": "goal",
      "show_toast": true,
      "announce_to_chat": true,
      "hidden": false
  },
  "criteria": {
    "requirement": {
      "trigger": "minecraft:inventory_changed",
      "conditions": {
        "items": [
          {
           "items":[ "minecraft:pale_oak_planks" ]}          
        ]
      }
    }
  },
  "rewards": {
    "function": "minecraft:construccion/paleoakplanks"
  },
  "parent": "fullitem:construccion/gravel"
}