{
  "display": {
    "description":   "Has obtenido Pink terracotta.",
"title": "Pink terracotta",
          "icon": {
      "id": "minecraft:pink_terracotta"
    },
      "frame": "goal",
      "show_toast": true,
      "announce_to_chat": true,
      "hidden": false
  },
  "criteria": {
    "requirement": {
      "trigger": "minecraft:inventory_changed",
      "conditions": {
        "items": [
          {
           "items":[ "minecraft:pink_terracotta" ]}          
        ]
      }
    }
  },
  "rewards": {
    "function": "minecraft:construccion/pinkterracotta"
  },
  "parent": "fullitem:construccion/quartzpillar"
}