{
  "display": {
    "description":   "Has obtenido Sponge.",
"title": "Sponge",
          "icon": {
      "id": "minecraft:sponge"
    },
      "frame": "goal",
      "show_toast": true,
      "announce_to_chat": true,
      "hidden": false
  },
  "criteria": {
    "requirement": {
      "trigger": "minecraft:inventory_changed",
      "conditions": {
        "items": [
          {
           "items":[ "minecraft:sponge" ]}          
        ]
      }
    }
  },
  "rewards": {
    "function": "minecraft:construccion/sponge"
  },
  "parent": "fullitem:construccion/polishedbasalt"
}