{
  "display": {
    "description":   "Has obtenido Stripped birch wood.",
"title": "Stripped birch wood",
          "icon": {
      "id": "minecraft:stripped_birch_wood"
    },
      "frame": "goal",
      "show_toast": true,
      "announce_to_chat": true,
      "hidden": false
  },
  "criteria": {
    "requirement": {
      "trigger": "minecraft:inventory_changed",
      "conditions": {
        "items": [
          {
           "items":[ "minecraft:stripped_birch_wood" ]}          
        ]
      }
    }
  },
  "rewards": {
    "function": "minecraft:construccion/strippedbirchwood"
  },
  "parent": "fullitem:construccion/strippedsprucelog"
}