{
  "display": {
    "description":   "Has obtenido Stripped dark oak log.",
"title": "Stripped dark oak log",
          "icon": {
      "id": "minecraft:stripped_dark_oak_log"
    },
      "frame": "goal",
      "show_toast": true,
      "announce_to_chat": true,
      "hidden": false
  },
  "criteria": {
    "requirement": {
      "trigger": "minecraft:inventory_changed",
      "conditions": {
        "items": [
          {
           "items":[ "minecraft:stripped_dark_oak_log" ]}          
        ]
      }
    }
  },
  "rewards": {
    "function": "minecraft:construccion/strippeddarkoaklog"
  },
  "parent": "fullitem:construccion/acacialog"
}