{
  "display": {
    "description":   "Has obtenido Stripped warped hyphae.",
"title": "Stripped warped hyphae",
          "icon": {
      "id": "minecraft:stripped_warped_hyphae"
    },
      "frame": "goal",
      "show_toast": true,
      "announce_to_chat": true,
      "hidden": false
  },
  "criteria": {
    "requirement": {
      "trigger": "minecraft:inventory_changed",
      "conditions": {
        "items": [
          {
           "items":[ "minecraft:stripped_warped_hyphae" ]}          
        ]
      }
    }
  },
  "rewards": {
    "function": "minecraft:construccion/strippedwarpedhyphae"
  },
  "parent": "fullitem:construccion/warpedstem"
}