{
  "display": {
    "description":   "Has obtenido Blue concrete powder.",
"title": "Blue concrete powder",
          "icon": {
      "id": "minecraft:blue_concrete_powder"
    },
      "frame": "goal",
      "show_toast": true,
      "announce_to_chat": true,
      "hidden": false
  },
  "criteria": {
    "requirement": {
      "trigger": "minecraft:inventory_changed",
      "conditions": {
        "items": [
          {
           "items":[ "minecraft:blue_concrete_powder" ]}          
        ]
      }
    }
  },
  "rewards": {
    "function": "minecraft:construccion/blueconcretepowder"
  },
  "parent": "fullitem:construccion/lightblueconcretepowder"
}