{
  "display": {
    "description":   "Has obtenido Carved pumpkin.",
"title": "Carved pumpkin",
          "icon": {
      "id": "minecraft:carved_pumpkin"
    },
      "frame": "goal",
      "show_toast": true,
      "announce_to_chat": true,
      "hidden": false
  },
  "criteria": {
    "requirement": {
      "trigger": "minecraft:inventory_changed",
      "conditions": {
        "items": [
          {
           "items":[ "minecraft:carved_pumpkin" ]}          
        ]
      }
    }
  },
  "rewards": {
    "function": "minecraft:construccion/carvedpumpkin"
  },
  "parent": "fullitem:construccion/deepslatelapisore"
}