{
  "display": {
    "description":   "Has obtenido Cherry stairs.",
"title": "Cherry stairs",
          "icon": {
      "id": "minecraft:cherry_stairs"
    },
      "frame": "goal",
      "show_toast": true,
      "announce_to_chat": true,
      "hidden": false
  },
  "criteria": {
    "requirement": {
      "trigger": "minecraft:inventory_changed",
      "conditions": {
        "items": [
          {
           "items":[ "minecraft:cherry_stairs" ]}          
        ]
      }
    }
  },
  "rewards": {
    "function": "minecraft:construccion/cherrystairs"
  },
  "parent": "fullitem:construccion/bamboostairs"
}