{
  "display": {
    "description":   "Has obtenido Deepslate coal ore.",
"title": "Deepslate coal ore",
          "icon": {
      "id": "minecraft:deepslate_coal_ore"
    },
      "frame": "goal",
      "show_toast": true,
      "announce_to_chat": true,
      "hidden": false
  },
  "criteria": {
    "requirement": {
      "trigger": "minecraft:inventory_changed",
      "conditions": {
        "items": [
          {
           "items":[ "minecraft:deepslate_coal_ore" ]}          
        ]
      }
    }
  },
  "rewards": {
    "function": "minecraft:construccion/deepslatecoalore"
  },
  "parent": "fullitem:construccion/mossycobblestone"
}