{
  "display": {
    "description":   "Has obtenido Deepslate tiles.",
"title": "Deepslate tiles",
          "icon": {
      "id": "minecraft:deepslate_tiles"
    },
      "frame": "goal",
      "show_toast": true,
      "announce_to_chat": true,
      "hidden": false
  },
  "criteria": {
    "requirement": {
      "trigger": "minecraft:inventory_changed",
      "conditions": {
        "items": [
          {
           "items":[ "minecraft:deepslate_tiles" ]}          
        ]
      }
    }
  },
  "rewards": {
    "function": "minecraft:construccion/deepslatetiles"
  },
  "parent": "fullitem:construccion/strippedcrimsonhyphae"
}