{
  "display": {
    "description":   "Has obtenido Deepslate lapis ore.",
"title": "Deepslate lapis ore",
          "icon": {
      "id": "minecraft:deepslate_lapis_ore"
    },
      "frame": "goal",
      "show_toast": true,
      "announce_to_chat": true,
      "hidden": false
  },
  "criteria": {
    "requirement": {
      "trigger": "minecraft:inventory_changed",
      "conditions": {
        "items": [
          {
           "items":[ "minecraft:deepslate_lapis_ore" ]}          
        ]
      }
    }
  },
  "rewards": {
    "function": "minecraft:construccion/deepslatelapisore"
  },
  "parent": "fullitem:construccion/diamondore"
}