{
  "display": {
    "description":   "Has obtenido Glowstone.",
"title": "Glowstone",
          "icon": {
      "id": "minecraft:glowstone"
    },
      "frame": "goal",
      "show_toast": true,
      "announce_to_chat": true,
      "hidden": false
  },
  "criteria": {
    "requirement": {
      "trigger": "minecraft:inventory_changed",
      "conditions": {
        "items": [
          {
           "items":[ "minecraft:glowstone" ]}          
        ]
      }
    }
  },
  "rewards": {
    "function": "minecraft:construccion/glowstone"
  },
  "parent": "fullitem:construccion/snowblock"
}