{
  "display": {
    "description":   "Has obtenido Gray concrete powder.",
"title": "Gray concrete powder",
          "icon": {
      "id": "minecraft:gray_concrete_powder"
    },
      "frame": "goal",
      "show_toast": true,
      "announce_to_chat": true,
      "hidden": false
  },
  "criteria": {
    "requirement": {
      "trigger": "minecraft:inventory_changed",
      "conditions": {
        "items": [
          {
           "items":[ "minecraft:gray_concrete_powder" ]}          
        ]
      }
    }
  },
  "rewards": {
    "function": "minecraft:construccion/grayconcretepowder"
  },
  "parent": "fullitem:construccion/blackconcrete"
}