{
  "display": {
    "description":   "Has obtenido Packed mud.",
"title": "Packed mud",
          "icon": {
      "id": "minecraft:packed_mud"
    },
      "frame": "goal",
      "show_toast": true,
      "announce_to_chat": true,
      "hidden": false
  },
  "criteria": {
    "requirement": {
      "trigger": "minecraft:inventory_changed",
      "conditions": {
        "items": [
          {
           "items":[ "minecraft:packed_mud" ]}          
        ]
      }
    }
  },
  "rewards": {
    "function": "minecraft:construccion/packedmud"
  },
  "parent": "fullitem:construccion/netherbrickslab"
}