{
  "display": {
    "description":   "Has obtenido Polished granite slab.",
"title": "Polished granite slab",
          "icon": {
      "id": "minecraft:polished_granite_slab"
    },
      "frame": "goal",
      "show_toast": true,
      "announce_to_chat": true,
      "hidden": false
  },
  "criteria": {
    "requirement": {
      "trigger": "minecraft:inventory_changed",
      "conditions": {
        "items": [
          {
           "items":[ "minecraft:polished_granite_slab" ]}          
        ]
      }
    }
  },
  "rewards": {
    "function": "minecraft:construccion/polishedgraniteslab"
  },
  "parent": "fullitem:construccion/polishedblackstonebrickslab"
}