{
  "display": {
    "description":   "Has obtenido Smooth stone slab.",
"title": "Smooth stone slab",
          "icon": {
      "id": "minecraft:smooth_stone_slab"
    },
      "frame": "goal",
      "show_toast": true,
      "announce_to_chat": true,
      "hidden": false
  },
  "criteria": {
    "requirement": {
      "trigger": "minecraft:inventory_changed",
      "conditions": {
        "items": [
          {
           "items":[ "minecraft:smooth_stone_slab" ]}          
        ]
      }
    }
  },
  "rewards": {
    "function": "minecraft:construccion/smoothstoneslab"
  },
  "parent": "fullitem:construccion/andesiteslab"
}