{
  "display": {
    "description":   "Has obtenido Stripped jungle wood.",
"title": "Stripped jungle wood",
          "icon": {
      "id": "minecraft:stripped_jungle_wood"
    },
      "frame": "goal",
      "show_toast": true,
      "announce_to_chat": true,
      "hidden": false
  },
  "criteria": {
    "requirement": {
      "trigger": "minecraft:inventory_changed",
      "conditions": {
        "items": [
          {
           "items":[ "minecraft:stripped_jungle_wood" ]}          
        ]
      }
    }
  },
  "rewards": {
    "function": "minecraft:construccion/strippedjunglewood"
  },
  "parent": "fullitem:construccion/strippedbirchlog"
}