{
  "display": {
    "description":   "Has obtenido Waxed weathered cut copper stairs.",
"title": "Waxed weathered cut copper stairs",
          "icon": {
      "id": "minecraft:waxed_weathered_cut_copper_stairs"
    },
      "frame": "goal",
      "show_toast": true,
      "announce_to_chat": true,
      "hidden": false
  },
  "criteria": {
    "requirement": {
      "trigger": "minecraft:inventory_changed",
      "conditions": {
        "items": [
          {
           "items":[ "minecraft:waxed_weathered_cut_copper_stairs" ]}          
        ]
      }
    }
  },
  "rewards": {
    "function": "minecraft:construccion/waxedweatheredcutcopperstairs"
  },
  "parent": "fullitem:construccion/exposedcutcopperstairs"
}