{
  "display": {
    "description": {
      "text": "Has obtenido Acacia hanging sign.",
      "color": "yellow"
    },
    "title": {
      "text": " Acacia hanging sign ",
      "color": "white"
    },
    "icon": {
      "item": "minecraft:acacia_hanging_sign"
    },
      "frame": "goal",
      "show_toast": true,
      "announce_to_chat": true,
      "hidden": false
  },
  "criteria": {
    "stone": {
      "trigger": "minecraft:inventory_changed",
      "conditions": {
        "items": [
          {
           "items":[ "minecraft:acacia_hanging_sign" ]}          
        ]
      }
    }
  },
  "rewards": {
    "function": "function:decoracion/acaciahangingsign"
  },
  "parent": "fullitem:decoracion/sprucesign"
}