{
  "display": {
    "description": {
      "text": "Has obtenido Bamboo hanging sign.",
      "color": "yellow"
    },
    "title": {
      "text": " Bamboo hanging sign ",
      "color": "white"
    },
    "icon": {
      "item": "minecraft:bamboo_hanging_sign"
    },
      "frame": "goal",
      "show_toast": true,
      "announce_to_chat": true,
      "hidden": false
  },
  "criteria": {
    "stone": {
      "trigger": "minecraft:inventory_changed",
      "conditions": {
        "items": [
          {
           "items":[ "minecraft:bamboo_hanging_sign" ]}          
        ]
      }
    }
  },
  "rewards": {
    "function": "function:decoracion/bamboohangingsign"
  },
  "parent": "fullitem:decoracion/purplecandle"
}