{
  "display": {
    "description": {
      "text": "Has obtenido Blue shulker box.",
      "color": "yellow"
    },
    "title": {
      "text": " Blue shulker box ",
      "color": "white"
    },
    "icon": {
      "item": "minecraft:blue_shulker_box"
    },
      "frame": "goal",
      "show_toast": true,
      "announce_to_chat": true,
      "hidden": false
  },
  "criteria": {
    "stone": {
      "trigger": "minecraft:inventory_changed",
      "conditions": {
        "items": [
          {
           "items":[ "minecraft:blue_shulker_box" ]}          
        ]
      }
    }
  },
  "rewards": {
    "function": "function:decoracion/blueshulkerbox"
  },
  "parent": "fullitem:decoracion/lightblueshulkerbox"
}