{
  "display": {
    "description": {
      "text": "Has obtenido Blue bed.",
      "color": "yellow"
    },
    "title": {
      "text": " Blue bed ",
      "color": "white"
    },
    "icon": {
      "item": "minecraft:blue_bed"
    },
      "frame": "goal",
      "show_toast": true,
      "announce_to_chat": true,
      "hidden": false
  },
  "criteria": {
    "stone": {
      "trigger": "minecraft:inventory_changed",
      "conditions": {
        "items": [
          {
           "items":[ "minecraft:blue_bed" ]}          
        ]
      }
    }
  },
  "rewards": {
    "function": "function:decoracion/bluebed"
  },
  "parent": "fullitem:decoracion/junglehangingsign"
}