{
  "display": {
    "description":   "Has obtenido Acacia sapling.",
"title": "Acacia sapling",
          "icon": {
      "id": "minecraft:acacia_sapling"
    },
      "frame": "goal",
      "show_toast": true,
      "announce_to_chat": true,
      "hidden": false
  },
  "criteria": {
    "requirement": {
      "trigger": "minecraft:inventory_changed",
      "conditions": {
        "items": [
          {
           "items":[ "minecraft:acacia_sapling" ]}          
        ]
      }
    }
  },
  "rewards": {
    "function": "minecraft:decoracion/acaciasapling"
  },
  "parent": "fullitem:decoracion/root"
}