{
  "display": {
    "description":   "Has obtenido Acacia hanging sign.",
"title": "Acacia hanging sign",
          "icon": {
      "id": "minecraft:acacia_hanging_sign"
    },
      "frame": "goal",
      "show_toast": true,
      "announce_to_chat": true,
      "hidden": false
  },
  "criteria": {
    "requirement": {
      "trigger": "minecraft:inventory_changed",
      "conditions": {
        "items": [
          {
           "items":[ "minecraft:acacia_hanging_sign" ]}          
        ]
      }
    }
  },
  "rewards": {
    "function": "minecraft:decoracion/acaciahangingsign"
  },
  "parent": "fullitem:decoracion/sprucesign"
}