{
  "display": {
    "description":   "Has obtenido Azalea leaves.",
"title": "Azalea leaves",
          "icon": {
      "id": "minecraft:azalea_leaves"
    },
      "frame": "goal",
      "show_toast": true,
      "announce_to_chat": true,
      "hidden": false
  },
  "criteria": {
    "requirement": {
      "trigger": "minecraft:inventory_changed",
      "conditions": {
        "items": [
          {
           "items":[ "minecraft:azalea_leaves" ]}          
        ]
      }
    }
  },
  "rewards": {
    "function": "minecraft:decoracion/azalealeaves"
  },
  "parent": "fullitem:decoracion/darkoaksapling"
}