{
  "display": {
    "description":   "Has obtenido Blackstone wall.",
"title": "Blackstone wall",
          "icon": {
      "id": "minecraft:blackstone_wall"
    },
      "frame": "goal",
      "show_toast": true,
      "announce_to_chat": true,
      "hidden": false
  },
  "criteria": {
    "requirement": {
      "trigger": "minecraft:inventory_changed",
      "conditions": {
        "items": [
          {
           "items":[ "minecraft:blackstone_wall" ]}          
        ]
      }
    }
  },
  "rewards": {
    "function": "minecraft:decoracion/blackstonewall"
  },
  "parent": "fullitem:decoracion/whitebed"
}