{
  "display": {
    "description":   "Has obtenido Black terracotta.",
"title": "Black terracotta",
          "icon": {
      "id": "minecraft:black_terracotta"
    },
      "frame": "goal",
      "show_toast": true,
      "announce_to_chat": true,
      "hidden": false
  },
  "criteria": {
    "requirement": {
      "trigger": "minecraft:inventory_changed",
      "conditions": {
        "items": [
          {
           "items":[ "minecraft:black_terracotta" ]}          
        ]
      }
    }
  },
  "rewards": {
    "function": "minecraft:construccion/blackterracotta"
  },
  "parent": "fullitem:construccion/grayterracotta"
}