{
  "display": {
    "description":   "Has obtenido Blackstone.",
"title": "Blackstone",
          "icon": {
      "id": "minecraft:blackstone"
    },
      "frame": "goal",
      "show_toast": true,
      "announce_to_chat": true,
      "hidden": false
  },
  "criteria": {
    "requirement": {
      "trigger": "minecraft:inventory_changed",
      "conditions": {
        "items": [
          {
           "items":[ "minecraft:blackstone" ]}          
        ]
      }
    }
  },
  "rewards": {
    "function": "minecraft:construccion/blackstone"
  },
  "parent": "fullitem:construccion/mud"
}