{
  "display": {
    "description":   "Has obtenido Cherry planks.",
"title": "Cherry planks",
          "icon": {
      "id": "minecraft:cherry_planks"
    },
      "frame": "goal",
      "show_toast": true,
      "announce_to_chat": true,
      "hidden": false
  },
  "criteria": {
    "requirement": {
      "trigger": "minecraft:inventory_changed",
      "conditions": {
        "items": [
          {
           "items":[ "minecraft:cherry_planks" ]}          
        ]
      }
    }
  },
  "rewards": {
    "function": "minecraft:construccion/cherryplanks"
  },
  "parent": "fullitem:construccion/ochrefroglight"
}