{
  "display": {
    "description":   "Has obtenido Chiseled polished blackstone.",
"title": "Chiseled polished blackstone",
          "icon": {
      "id": "minecraft:chiseled_polished_blackstone"
    },
      "frame": "goal",
      "show_toast": true,
      "announce_to_chat": true,
      "hidden": false
  },
  "criteria": {
    "requirement": {
      "trigger": "minecraft:inventory_changed",
      "conditions": {
        "items": [
          {
           "items":[ "minecraft:chiseled_polished_blackstone" ]}          
        ]
      }
    }
  },
  "rewards": {
    "function": "minecraft:construccion/chiseledpolishedblackstone"
  },
  "parent": "fullitem:construccion/strippedacaciawood"
}