{
  "display": {
    "description":   "Has obtenido Cobbled deepslate.",
"title": "Cobbled deepslate",
          "icon": {
      "id": "minecraft:cobbled_deepslate"
    },
      "frame": "goal",
      "show_toast": true,
      "announce_to_chat": true,
      "hidden": false
  },
  "criteria": {
    "requirement": {
      "trigger": "minecraft:inventory_changed",
      "conditions": {
        "items": [
          {
           "items":[ "minecraft:cobbled_deepslate" ]}          
        ]
      }
    }
  },
  "rewards": {
    "function": "minecraft:construccion/cobbleddeepslate"
  },
  "parent": "fullitem:construccion/mangroveplanks"
}