{
  "display": {
    "description":   "Has obtenido Dark prismarine stairs.",
"title": "Dark prismarine stairs",
          "icon": {
      "id": "minecraft:dark_prismarine_stairs"
    },
      "frame": "goal",
      "show_toast": true,
      "announce_to_chat": true,
      "hidden": false
  },
  "criteria": {
    "requirement": {
      "trigger": "minecraft:inventory_changed",
      "conditions": {
        "items": [
          {
           "items":[ "minecraft:dark_prismarine_stairs" ]}          
        ]
      }
    }
  },
  "rewards": {
    "function": "minecraft:construccion/darkprismarinestairs"
  },
  "parent": "fullitem:construccion/redstainedglass"
}