{
  "display": {
    "description":   "Has obtenido Gravel.",
"title": "Gravel",
          "icon": {
      "id": "minecraft:gravel"
    },
      "frame": "goal",
      "show_toast": true,
      "announce_to_chat": true,
      "hidden": false
  },
  "criteria": {
    "requirement": {
      "trigger": "minecraft:inventory_changed",
      "conditions": {
        "items": [
          {
           "items":[ "minecraft:gravel" ]}          
        ]
      }
    }
  },
  "rewards": {
    "function": "minecraft:construccion/gravel"
  },
  "parent": "fullitem:construccion/firecoralblock"
}