{
  "display": {
    "description":   "Has obtenido Jack o lantern.",
"title": "Jack o lantern",
          "icon": {
      "id": "minecraft:jack_o_lantern"
    },
      "frame": "goal",
      "show_toast": true,
      "announce_to_chat": true,
      "hidden": false
  },
  "criteria": {
    "requirement": {
      "trigger": "minecraft:inventory_changed",
      "conditions": {
        "items": [
          {
           "items":[ "minecraft:jack_o_lantern" ]}          
        ]
      }
    }
  },
  "rewards": {
    "function": "minecraft:construccion/jackolantern"
  },
  "parent": "fullitem:construccion/clay"
}