{
  "display": {
    "description":   "Has obtenido Light blue concrete.",
"title": "Light blue concrete",
          "icon": {
      "id": "minecraft:light_blue_concrete"
    },
      "frame": "goal",
      "show_toast": true,
      "announce_to_chat": true,
      "hidden": false
  },
  "criteria": {
    "requirement": {
      "trigger": "minecraft:inventory_changed",
      "conditions": {
        "items": [
          {
           "items":[ "minecraft:light_blue_concrete" ]}          
        ]
      }
    }
  },
  "rewards": {
    "function": "minecraft:construccion/lightblueconcrete"
  },
  "parent": "fullitem:construccion/redsandstonestairs"
}