{
  "display": {
    "description":   "Has obtenido Nether quartz ore.",
"title": "Nether quartz ore",
          "icon": {
      "id": "minecraft:nether_quartz_ore"
    },
      "frame": "goal",
      "show_toast": true,
      "announce_to_chat": true,
      "hidden": false
  },
  "criteria": {
    "requirement": {
      "trigger": "minecraft:inventory_changed",
      "conditions": {
        "items": [
          {
           "items":[ "minecraft:nether_quartz_ore" ]}          
        ]
      }
    }
  },
  "rewards": {
    "function": "minecraft:construccion/netherquartzore"
  },
  "parent": "fullitem:construccion/endstone"
}