{
  "display": {
    "description":   "Has obtenido Polished basalt.",
"title": "Polished basalt",
          "icon": {
      "id": "minecraft:polished_basalt"
    },
      "frame": "goal",
      "show_toast": true,
      "announce_to_chat": true,
      "hidden": false
  },
  "criteria": {
    "requirement": {
      "trigger": "minecraft:inventory_changed",
      "conditions": {
        "items": [
          {
           "items":[ "minecraft:polished_basalt" ]}          
        ]
      }
    }
  },
  "rewards": {
    "function": "minecraft:construccion/polishedbasalt"
  },
  "parent": "fullitem:construccion/strippedsprucewood"
}