{
  "display": {
    "description":   "Has obtenido Wet sponge.",
"title": "Wet sponge",
          "icon": {
      "id": "minecraft:wet_sponge"
    },
      "frame": "goal",
      "show_toast": true,
      "announce_to_chat": true,
      "hidden": false
  },
  "criteria": {
    "requirement": {
      "trigger": "minecraft:inventory_changed",
      "conditions": {
        "items": [
          {
           "items":[ "minecraft:wet_sponge" ]}          
        ]
      }
    }
  },
  "rewards": {
    "function": "minecraft:construccion/wetsponge"
  },
  "parent": "fullitem:construccion/polishedblackstone"
}