{
  "display": {
    "description": {
      "text": "Has obtenido Azalea leaves.",
      "color": "yellow"
    },
    "title": {
      "text": " Azalea leaves ",
      "color": "white"
    },
    "icon": {
      "item": "minecraft:azalea_leaves"
    },
      "frame": "goal",
      "show_toast": true,
      "announce_to_chat": true,
      "hidden": false
  },
  "criteria": {
    "stone": {
      "trigger": "minecraft:inventory_changed",
      "conditions": {
        "items": [
          {
           "items":[ "minecraft:azalea_leaves" ]}          
        ]
      }
    }
  },
  "rewards": {
    "function": "function:decoracion/azalealeaves"
  },
  "parent": "fullitem:decoracion/darkoaksapling"
}