{
  "display": {
    "description":   "Has obtenido Bread.",
"title": "Bread",
          "icon": {
      "id": "minecraft:bread"
    },
      "frame": "goal",
      "show_toast": true,
      "announce_to_chat": true,
      "hidden": false
  },
  "criteria": {
    "requirement": {
      "trigger": "minecraft:inventory_changed",
      "conditions": {
        "items": [
          {
           "items":[ "minecraft:bread" ]}          
        ]
      }
    }
  },
  "rewards": {
    "function": "minecraft:alimentacion/bread"
  },
  "parent": "fullitem:alimentacion/rabbit"
}