{
  "display": {
    "description":   "Has obtenido Totem of undying.",
"title": "Totem of undying",
          "icon": {
      "id": "minecraft:totem_of_undying"
    },
      "frame": "goal",
      "show_toast": true,
      "announce_to_chat": true,
      "hidden": false
  },
  "criteria": {
    "requirement": {
      "trigger": "minecraft:inventory_changed",
      "conditions": {
        "items": [
          {
           "items":[ "minecraft:totem_of_undying" ]}          
        ]
      }
    }
  },
  "rewards": {
    "function": "minecraft:combate/totemofundying"
  },
  "parent": "fullitem:combate/diamondboots"
}