{
  "display": {
    "description":   "Has obtenido Coarse dirt.",
"title": "Coarse dirt",
          "icon": {
      "id": "minecraft:coarse_dirt"
    },
      "frame": "goal",
      "show_toast": true,
      "announce_to_chat": true,
      "hidden": false
  },
  "criteria": {
    "requirement": {
      "trigger": "minecraft:inventory_changed",
      "conditions": {
        "items": [
          {
           "items":[ "minecraft:coarse_dirt" ]}          
        ]
      }
    }
  },
  "rewards": {
    "function": "minecraft:construccion/coarsedirt"
  },
  "parent": "fullitem:construccion/root"
}