{
  "display": {
    "description":   "Has obtenido Cyan stained glass.",
"title": "Cyan stained glass",
          "icon": {
      "id": "minecraft:cyan_stained_glass"
    },
      "frame": "goal",
      "show_toast": true,
      "announce_to_chat": true,
      "hidden": false
  },
  "criteria": {
    "requirement": {
      "trigger": "minecraft:inventory_changed",
      "conditions": {
        "items": [
          {
           "items":[ "minecraft:cyan_stained_glass" ]}          
        ]
      }
    }
  },
  "rewards": {
    "function": "minecraft:construccion/cyanstainedglass"
  },
  "parent": "fullitem:construccion/orangestainedglass"
}