{
  "display": {
    "description":   "Has obtenido Exposed cut copper.",
"title": "Exposed cut copper",
          "icon": {
      "id": "minecraft:exposed_cut_copper"
    },
      "frame": "goal",
      "show_toast": true,
      "announce_to_chat": true,
      "hidden": false
  },
  "criteria": {
    "requirement": {
      "trigger": "minecraft:inventory_changed",
      "conditions": {
        "items": [
          {
           "items":[ "minecraft:exposed_cut_copper" ]}          
        ]
      }
    }
  },
  "rewards": {
    "function": "minecraft:construccion/exposedcutcopper"
  },
  "parent": "fullitem:construccion/rawgoldblock"
}