{
  "display": {
    "description":   "Has obtenido Mangrove slab.",
"title": "Mangrove slab",
          "icon": {
      "id": "minecraft:mangrove_slab"
    },
      "frame": "goal",
      "show_toast": true,
      "announce_to_chat": true,
      "hidden": false
  },
  "criteria": {
    "requirement": {
      "trigger": "minecraft:inventory_changed",
      "conditions": {
        "items": [
          {
           "items":[ "minecraft:mangrove_slab" ]}          
        ]
      }
    }
  },
  "rewards": {
    "function": "minecraft:construccion/mangroveslab"
  },
  "parent": "fullitem:construccion/bamboofence"
}