{
  "display": {
    "description":   "Has obtenido Ochre froglight.",
"title": "Ochre froglight",
          "icon": {
      "id": "minecraft:ochre_froglight"
    },
      "frame": "goal",
      "show_toast": true,
      "announce_to_chat": true,
      "hidden": false
  },
  "criteria": {
    "requirement": {
      "trigger": "minecraft:inventory_changed",
      "conditions": {
        "items": [
          {
           "items":[ "minecraft:ochre_froglight" ]}          
        ]
      }
    }
  },
  "rewards": {
    "function": "minecraft:construccion/ochrefroglight"
  },
  "parent": "fullitem:construccion/prismarinebrickslab"
}