{
  "display": {
    "description":   "Has obtenido Purpur pillar.",
"title": "Purpur pillar",
          "icon": {
      "id": "minecraft:purpur_pillar"
    },
      "frame": "goal",
      "show_toast": true,
      "announce_to_chat": true,
      "hidden": false
  },
  "criteria": {
    "requirement": {
      "trigger": "minecraft:inventory_changed",
      "conditions": {
        "items": [
          {
           "items":[ "minecraft:purpur_pillar" ]}          
        ]
      }
    }
  },
  "rewards": {
    "function": "minecraft:construccion/purpurpillar"
  },
  "parent": "fullitem:construccion/chiseleddeepslate"
}