{
  "display": {
    "description":   "Has obtenido Redstone ore.",
"title": "Redstone ore",
          "icon": {
      "id": "minecraft:redstone_ore"
    },
      "frame": "goal",
      "show_toast": true,
      "announce_to_chat": true,
      "hidden": false
  },
  "criteria": {
    "requirement": {
      "trigger": "minecraft:inventory_changed",
      "conditions": {
        "items": [
          {
           "items":[ "minecraft:redstone_ore" ]}          
        ]
      }
    }
  },
  "rewards": {
    "function": "minecraft:construccion/redstoneore"
  },
  "parent": "fullitem:construccion/deepslatecopperore"
}