{
    "display": {
        "icon": {
            "id": "minecraft:bricks"
        },
        "title":"Construccion",
        "description": "Obten todos los bloques de construccion",
        "background": "minecraft:textures/block/stone.png",
        "show_toast": false,
        "announce_to_chat": false
    },
	"rewards": {
		"function": "minecraft:construccion/root"
    },		
       "criteria": {
        "item": {
            "trigger": "minecraft:inventory_changed",
            "conditions": {
            }
        }
    }
}