{
  "display": {
    "description":   "Has obtenido Sand.",
"title": "Sand",
          "icon": {
      "id": "minecraft:sand"
    },
      "frame": "goal",
      "show_toast": true,
      "announce_to_chat": true,
      "hidden": false
  },
  "criteria": {
    "requirement": {
      "trigger": "minecraft:inventory_changed",
      "conditions": {
        "items": [
          {
           "items":[ "minecraft:sand" ]}          
        ]
      }
    }
  },
  "rewards": {
    "function": "minecraft:construccion/sand"
  },
  "parent": "fullitem:construccion/bubblecoralblock"
}