{
  "display": {
    "description":   "Has obtenido Sea lantern.",
"title": "Sea lantern",
          "icon": {
      "id": "minecraft:sea_lantern"
    },
      "frame": "goal",
      "show_toast": true,
      "announce_to_chat": true,
      "hidden": false
  },
  "criteria": {
    "requirement": {
      "trigger": "minecraft:inventory_changed",
      "conditions": {
        "items": [
          {
           "items":[ "minecraft:sea_lantern" ]}          
        ]
      }
    }
  },
  "rewards": {
    "function": "minecraft:construccion/sealantern"
  },
  "parent": "fullitem:construccion/blackstainedglass"
}