{
  "display": {
    "description": {
      "text": "Has obtenido Cooked salmon.",
      "color": "yellow"
    },
    "title": {
      "text": " Cooked salmon ",
      "color": "white"
    },
    "icon": {
      "item": "minecraft:cooked_salmon"
    },
      "frame": "goal",
      "show_toast": true,
      "announce_to_chat": true,
      "hidden": false
  },
  "criteria": {
    "stone": {
      "trigger": "minecraft:inventory_changed",
      "conditions": {
        "items": [
          {
           "items":[ "minecraft:cooked_salmon" ]}          
        ]
      }
    }
  },
  "rewards": {
    "function": "function:alimentacion/cookedsalmon"
  },
  "parent": "fullitem:alimentacion/mushroomstew"
}