{
  "display": {
    "description":   "Has obtenido Ancient debris.",
"title": "Ancient debris",
          "icon": {
      "id": "minecraft:ancient_debris"
    },
      "frame": "goal",
      "show_toast": true,
      "announce_to_chat": true,
      "hidden": false
  },
  "criteria": {
    "requirement": {
      "trigger": "minecraft:inventory_changed",
      "conditions": {
        "items": [
          {
           "items":[ "minecraft:ancient_debris" ]}          
        ]
      }
    }
  },
  "rewards": {
    "function": "minecraft:construccion/ancientdebris"
  },
  "parent": "fullitem:construccion/redsandstoneslab"
}