{
  "display": {
    "description":   "Has obtenido Bamboo mosaic.",
"title": "Bamboo mosaic",
          "icon": {
      "id": "minecraft:bamboo_mosaic"
    },
      "frame": "goal",
      "show_toast": true,
      "announce_to_chat": true,
      "hidden": false
  },
  "criteria": {
    "requirement": {
      "trigger": "minecraft:inventory_changed",
      "conditions": {
        "items": [
          {
           "items":[ "minecraft:bamboo_mosaic" ]}          
        ]
      }
    }
  },
  "rewards": {
    "function": "minecraft:construccion/bamboomosaic"
  },
  "parent": "fullitem:construccion/calcite"
}