{
  "display": {
    "description":   "Has obtenido Dark oak planks.",
"title": "Dark oak planks",
          "icon": {
      "id": "minecraft:dark_oak_planks"
    },
      "frame": "goal",
      "show_toast": true,
      "announce_to_chat": true,
      "hidden": false
  },
  "criteria": {
    "requirement": {
      "trigger": "minecraft:inventory_changed",
      "conditions": {
        "items": [
          {
           "items":[ "minecraft:dark_oak_planks" ]}          
        ]
      }
    }
  },
  "rewards": {
    "function": "minecraft:construccion/darkoakplanks"
  },
  "parent": "fullitem:construccion/coarsedirt"
}