{
  "display": {
    "description":   "Has obtenido Dark oak slab.",
"title": "Dark oak slab",
          "icon": {
      "id": "minecraft:dark_oak_slab"
    },
      "frame": "goal",
      "show_toast": true,
      "announce_to_chat": true,
      "hidden": false
  },
  "criteria": {
    "requirement": {
      "trigger": "minecraft:inventory_changed",
      "conditions": {
        "items": [
          {
           "items":[ "minecraft:dark_oak_slab" ]}          
        ]
      }
    }
  },
  "rewards": {
    "function": "minecraft:construccion/darkoakslab"
  },
  "parent": "fullitem:construccion/cutsandstone"
}