{
  "display": {
    "description":   "Has obtenido Diorite.",
"title": "Diorite",
          "icon": {
      "id": "minecraft:diorite"
    },
      "frame": "goal",
      "show_toast": true,
      "announce_to_chat": true,
      "hidden": false
  },
  "criteria": {
    "requirement": {
      "trigger": "minecraft:inventory_changed",
      "conditions": {
        "items": [
          {
           "items":[ "minecraft:diorite" ]}          
        ]
      }
    }
  },
  "rewards": {
    "function": "minecraft:construccion/diorite"
  },
  "parent": "fullitem:construccion/mossystonebrickslab"
}