{
  "display": {
    "description":   "Has obtenido Dirt.",
"title": "Dirt",
          "icon": {
      "id": "minecraft:dirt"
    },
      "frame": "goal",
      "show_toast": true,
      "announce_to_chat": true,
      "hidden": false
  },
  "criteria": {
    "requirement": {
      "trigger": "minecraft:inventory_changed",
      "conditions": {
        "items": [
          {
           "items":[ "minecraft:dirt" ]}          
        ]
      }
    }
  },
  "rewards": {
    "function": "minecraft:construccion/dirt"
  },
  "parent": "fullitem:construccion/mossystonebrickstairs"
}