{
  "display": {
    "description":   "Has obtenido Glass.",
"title": "Glass",
          "icon": {
      "id": "minecraft:glass"
    },
      "frame": "goal",
      "show_toast": true,
      "announce_to_chat": true,
      "hidden": false
  },
  "criteria": {
    "requirement": {
      "trigger": "minecraft:inventory_changed",
      "conditions": {
        "items": [
          {
           "items":[ "minecraft:glass" ]}          
        ]
      }
    }
  },
  "rewards": {
    "function": "minecraft:construccion/glass"
  },
  "parent": "fullitem:construccion/polisheddeepslate"
}