{
  "display": {
    "description":   "Has obtenido Muddy mangrove roots.",
"title": "Muddy mangrove roots",
          "icon": {
      "id": "minecraft:muddy_mangrove_roots"
    },
      "frame": "goal",
      "show_toast": true,
      "announce_to_chat": true,
      "hidden": false
  },
  "criteria": {
    "requirement": {
      "trigger": "minecraft:inventory_changed",
      "conditions": {
        "items": [
          {
           "items":[ "minecraft:muddy_mangrove_roots" ]}          
        ]
      }
    }
  },
  "rewards": {
    "function": "minecraft:construccion/muddymangroveroots"
  },
  "parent": "fullitem:construccion/stonebrickslab"
}