{
  "display": {
    "description":   "Has obtenido Rooted dirt.",
"title": "Rooted dirt",
          "icon": {
      "id": "minecraft:rooted_dirt"
    },
      "frame": "goal",
      "show_toast": true,
      "announce_to_chat": true,
      "hidden": false
  },
  "criteria": {
    "requirement": {
      "trigger": "minecraft:inventory_changed",
      "conditions": {
        "items": [
          {
           "items":[ "minecraft:rooted_dirt" ]}          
        ]
      }
    }
  },
  "rewards": {
    "function": "minecraft:construccion/rooteddirt"
  },
  "parent": "fullitem:construccion/cherryplanks"
}