{
  "display": {
    "description":   "Has obtenido Smithing table.",
"title": "Smithing table",
          "icon": {
      "id": "minecraft:smithing_table"
    },
      "frame": "goal",
      "show_toast": true,
      "announce_to_chat": true,
      "hidden": false
  },
  "criteria": {
    "requirement": {
      "trigger": "minecraft:inventory_changed",
      "conditions": {
        "items": [
          {
           "items":[ "minecraft:smithing_table" ]}          
        ]
      }
    }
  },
  "rewards": {
    "function": "minecraft:construccion/smithingtable"
  },
  "parent": "fullitem:construccion/crackedstonebricks"
}