{
  "display": {
    "description":   "Has obtenido Stripped crimson stem.",
"title": "Stripped crimson stem",
          "icon": {
      "id": "minecraft:stripped_crimson_stem"
    },
      "frame": "goal",
      "show_toast": true,
      "announce_to_chat": true,
      "hidden": false
  },
  "criteria": {
    "requirement": {
      "trigger": "minecraft:inventory_changed",
      "conditions": {
        "items": [
          {
           "items":[ "minecraft:stripped_crimson_stem" ]}          
        ]
      }
    }
  },
  "rewards": {
    "function": "minecraft:construccion/strippedcrimsonstem"
  },
  "parent": "fullitem:construccion/warpedhyphae"
}