{
  "display": {
    "description":   "Has obtenido Acacia slab.",
"title": "Acacia slab",
          "icon": {
      "id": "minecraft:acacia_slab"
    },
      "frame": "goal",
      "show_toast": true,
      "announce_to_chat": true,
      "hidden": false
  },
  "criteria": {
    "requirement": {
      "trigger": "minecraft:inventory_changed",
      "conditions": {
        "items": [
          {
           "items":[ "minecraft:acacia_slab" ]}          
        ]
      }
    }
  },
  "rewards": {
    "function": "minecraft:construccion/acaciaslab"
  },
  "parent": "fullitem:construccion/chiseledsandstone"
}