{
  "display": {
    "description":   "Has obtenido Bookshelf.",
"title": "Bookshelf",
          "icon": {
      "id": "minecraft:bookshelf"
    },
      "frame": "goal",
      "show_toast": true,
      "announce_to_chat": true,
      "hidden": false
  },
  "criteria": {
    "requirement": {
      "trigger": "minecraft:inventory_changed",
      "conditions": {
        "items": [
          {
           "items":[ "minecraft:bookshelf" ]}          
        ]
      }
    }
  },
  "rewards": {
    "function": "minecraft:construccion/bookshelf"
  },
  "parent": "fullitem:construccion/strippedwarpedstem"
}