{
  "display": {
    "description":   "Has obtenido Crying obsidian.",
"title": "Crying obsidian",
          "icon": {
      "id": "minecraft:crying_obsidian"
    },
      "frame": "goal",
      "show_toast": true,
      "announce_to_chat": true,
      "hidden": false
  },
  "criteria": {
    "requirement": {
      "trigger": "minecraft:inventory_changed",
      "conditions": {
        "items": [
          {
           "items":[ "minecraft:crying_obsidian" ]}          
        ]
      }
    }
  },
  "rewards": {
    "function": "minecraft:construccion/cryingobsidian"
  },
  "parent": "fullitem:construccion/purpurslab"
}