{
  "display": {
    "description":   "Has obtenido Cut sandstone slab.",
"title": "Cut sandstone slab",
          "icon": {
      "id": "minecraft:cut_sandstone_slab"
    },
      "frame": "goal",
      "show_toast": true,
      "announce_to_chat": true,
      "hidden": false
  },
  "criteria": {
    "requirement": {
      "trigger": "minecraft:inventory_changed",
      "conditions": {
        "items": [
          {
           "items":[ "minecraft:cut_sandstone_slab" ]}          
        ]
      }
    }
  },
  "rewards": {
    "function": "minecraft:construccion/cutsandstoneslab"
  },
  "parent": "fullitem:construccion/dioriteslab"
}