{
  "display": {
    "description":   "Has obtenido Deepslate tile stairs.",
"title": "Deepslate tile stairs",
          "icon": {
      "id": "minecraft:deepslate_tile_stairs"
    },
      "frame": "goal",
      "show_toast": true,
      "announce_to_chat": true,
      "hidden": false
  },
  "criteria": {
    "requirement": {
      "trigger": "minecraft:inventory_changed",
      "conditions": {
        "items": [
          {
           "items":[ "minecraft:deepslate_tile_stairs" ]}          
        ]
      }
    }
  },
  "rewards": {
    "function": "minecraft:construccion/deepslatetilestairs"
  },
  "parent": "fullitem:construccion/cutsandstoneslab"
}