{
  "display": {
    "description":   "Has obtenido Emerald ore.",
"title": "Emerald ore",
          "icon": {
      "id": "minecraft:emerald_ore"
    },
      "frame": "goal",
      "show_toast": true,
      "announce_to_chat": true,
      "hidden": false
  },
  "criteria": {
    "requirement": {
      "trigger": "minecraft:inventory_changed",
      "conditions": {
        "items": [
          {
           "items":[ "minecraft:emerald_ore" ]}          
        ]
      }
    }
  },
  "rewards": {
    "function": "minecraft:construccion/emeraldore"
  },
  "parent": "fullitem:construccion/brickstairs"
}