{
  "display": {
    "description":   "Has obtenido Jungle wood.",
"title": "Jungle wood",
          "icon": {
      "id": "minecraft:jungle_wood"
    },
      "frame": "goal",
      "show_toast": true,
      "announce_to_chat": true,
      "hidden": false
  },
  "criteria": {
    "requirement": {
      "trigger": "minecraft:inventory_changed",
      "conditions": {
        "items": [
          {
           "items":[ "minecraft:jungle_wood" ]}          
        ]
      }
    }
  },
  "rewards": {
    "function": "minecraft:construccion/junglewood"
  },
  "parent": "fullitem:construccion/strippeddarkoakwood"
}