{
  "display": {
    "description":   "Has obtenido Lime terracotta.",
"title": "Lime terracotta",
          "icon": {
      "id": "minecraft:lime_terracotta"
    },
      "frame": "goal",
      "show_toast": true,
      "announce_to_chat": true,
      "hidden": false
  },
  "criteria": {
    "requirement": {
      "trigger": "minecraft:inventory_changed",
      "conditions": {
        "items": [
          {
           "items":[ "minecraft:lime_terracotta" ]}          
        ]
      }
    }
  },
  "rewards": {
    "function": "minecraft:construccion/limeterracotta"
  },
  "parent": "fullitem:construccion/quartzblock"
}