{
  "display": {
    "description":   "Has obtenido Oak stairs.",
"title": "Oak stairs",
          "icon": {
      "id": "minecraft:oak_stairs"
    },
      "frame": "goal",
      "show_toast": true,
      "announce_to_chat": true,
      "hidden": false
  },
  "criteria": {
    "requirement": {
      "trigger": "minecraft:inventory_changed",
      "conditions": {
        "items": [
          {
           "items":[ "minecraft:oak_stairs" ]}          
        ]
      }
    }
  },
  "rewards": {
    "function": "minecraft:construccion/oakstairs"
  },
  "parent": "fullitem:construccion/bricks"
}