{
  "display": {
    "description":   "Has obtenido Obsidian.",
"title": "Obsidian",
          "icon": {
      "id": "minecraft:obsidian"
    },
      "frame": "goal",
      "show_toast": true,
      "announce_to_chat": true,
      "hidden": false
  },
  "criteria": {
    "requirement": {
      "trigger": "minecraft:inventory_changed",
      "conditions": {
        "items": [
          {
           "items":[ "minecraft:obsidian" ]}          
        ]
      }
    }
  },
  "rewards": {
    "function": "minecraft:construccion/obsidian"
  },
  "parent": "fullitem:construccion/deepslate"
}