{
  "display": {
    "description":   "Has obtenido Prismarine stairs.",
"title": "Prismarine stairs",
          "icon": {
      "id": "minecraft:prismarine_stairs"
    },
      "frame": "goal",
      "show_toast": true,
      "announce_to_chat": true,
      "hidden": false
  },
  "criteria": {
    "requirement": {
      "trigger": "minecraft:inventory_changed",
      "conditions": {
        "items": [
          {
           "items":[ "minecraft:prismarine_stairs" ]}          
        ]
      }
    }
  },
  "rewards": {
    "function": "minecraft:construccion/prismarinestairs"
  },
  "parent": "fullitem:construccion/brownstainedglass"
}