{
  "display": {
    "description":   "Has obtenido Smooth basalt.",
"title": "Smooth basalt",
          "icon": {
      "id": "minecraft:smooth_basalt"
    },
      "frame": "goal",
      "show_toast": true,
      "announce_to_chat": true,
      "hidden": false
  },
  "criteria": {
    "requirement": {
      "trigger": "minecraft:inventory_changed",
      "conditions": {
        "items": [
          {
           "items":[ "minecraft:smooth_basalt" ]}          
        ]
      }
    }
  },
  "rewards": {
    "function": "minecraft:construccion/smoothbasalt"
  },
  "parent": "fullitem:construccion/junglewood"
}