{
  "display": {
    "description":   "Has obtenido Stripped warped stem.",
"title": "Stripped warped stem",
          "icon": {
      "id": "minecraft:stripped_warped_stem"
    },
      "frame": "goal",
      "show_toast": true,
      "announce_to_chat": true,
      "hidden": false
  },
  "criteria": {
    "requirement": {
      "trigger": "minecraft:inventory_changed",
      "conditions": {
        "items": [
          {
           "items":[ "minecraft:stripped_warped_stem" ]}          
        ]
      }
    }
  },
  "rewards": {
    "function": "minecraft:construccion/strippedwarpedstem"
  },
  "parent": "fullitem:construccion/mangrovelog"
}