{
  "display": {
    "description":   "Has obtenido Verdant froglight.",
"title": "Verdant froglight",
          "icon": {
      "id": "minecraft:verdant_froglight"
    },
      "frame": "goal",
      "show_toast": true,
      "announce_to_chat": true,
      "hidden": false
  },
  "criteria": {
    "requirement": {
      "trigger": "minecraft:inventory_changed",
      "conditions": {
        "items": [
          {
           "items":[ "minecraft:verdant_froglight" ]}          
        ]
      }
    }
  },
  "rewards": {
    "function": "minecraft:construccion/verdantfroglight"
  },
  "parent": "fullitem:construccion/darkprismarineslab"
}