{
  "display": {
    "description":   "Has obtenido Warped planks.",
"title": "Warped planks",
          "icon": {
      "id": "minecraft:warped_planks"
    },
      "frame": "goal",
      "show_toast": true,
      "announce_to_chat": true,
      "hidden": false
  },
  "criteria": {
    "requirement": {
      "trigger": "minecraft:inventory_changed",
      "conditions": {
        "items": [
          {
           "items":[ "minecraft:warped_planks" ]}          
        ]
      }
    }
  },
  "rewards": {
    "function": "minecraft:construccion/warpedplanks"
  },
  "parent": "fullitem:construccion/crimsonnylium"
}