{
  "display": {
    "description":   "Has obtenido Allium.",
"title": "Allium",
          "icon": {
      "id": "minecraft:allium"
    },
      "frame": "goal",
      "show_toast": true,
      "announce_to_chat": true,
      "hidden": false
  },
  "criteria": {
    "requirement": {
      "trigger": "minecraft:inventory_changed",
      "conditions": {
        "items": [
          {
           "items":[ "minecraft:allium" ]}          
        ]
      }
    }
  },
  "rewards": {
    "function": "minecraft:decoracion/allium"
  },
  "parent": "fullitem:decoracion/cobweb"
}