{
  "display": {
    "description":   "Has obtenido Andesite wall.",
"title": "Andesite wall",
          "icon": {
      "id": "minecraft:andesite_wall"
    },
      "frame": "goal",
      "show_toast": true,
      "announce_to_chat": true,
      "hidden": false
  },
  "criteria": {
    "requirement": {
      "trigger": "minecraft:inventory_changed",
      "conditions": {
        "items": [
          {
           "items":[ "minecraft:andesite_wall" ]}          
        ]
      }
    }
  },
  "rewards": {
    "function": "minecraft:decoracion/andesitewall"
  },
  "parent": "fullitem:decoracion/limebed"
}