{
  "display": {
    "description":   "Has obtenido Black carpet.",
"title": "Black carpet",
          "icon": {
      "id": "minecraft:black_carpet"
    },
      "frame": "goal",
      "show_toast": true,
      "announce_to_chat": true,
      "hidden": false
  },
  "criteria": {
    "requirement": {
      "trigger": "minecraft:inventory_changed",
      "conditions": {
        "items": [
          {
           "items":[ "minecraft:black_carpet" ]}          
        ]
      }
    }
  },
  "rewards": {
    "function": "minecraft:decoracion/blackcarpet"
  },
  "parent": "fullitem:decoracion/graycarpet"
}