{
  "display": {
    "description":   "Has obtenido Black bed.",
"title": "Black bed",
          "icon": {
      "id": "minecraft:black_bed"
    },
      "frame": "goal",
      "show_toast": true,
      "announce_to_chat": true,
      "hidden": false
  },
  "criteria": {
    "requirement": {
      "trigger": "minecraft:inventory_changed",
      "conditions": {
        "items": [
          {
           "items":[ "minecraft:black_bed" ]}          
        ]
      }
    }
  },
  "rewards": {
    "function": "minecraft:decoracion/blackbed"
  },
  "parent": "fullitem:decoracion/bubblecoralfan"
}