{
  "display": {
    "description":   "Has obtenido Light gray concrete powder.",
"title": "Light gray concrete powder",
          "icon": {
      "id": "minecraft:light_gray_concrete_powder"
    },
      "frame": "goal",
      "show_toast": true,
      "announce_to_chat": true,
      "hidden": false
  },
  "criteria": {
    "requirement": {
      "trigger": "minecraft:inventory_changed",
      "conditions": {
        "items": [
          {
           "items":[ "minecraft:light_gray_concrete_powder" ]}          
        ]
      }
    }
  },
  "rewards": {
    "function": "minecraft:construccion/lightgrayconcretepowder"
  },
  "parent": "fullitem:construccion/whiteconcretepowder"
}