{
  "display": {
    "description":   "Has obtenido Oxidized cut copper stairs.",
"title": "Oxidized cut copper stairs",
          "icon": {
      "id": "minecraft:oxidized_cut_copper_stairs"
    },
      "frame": "goal",
      "show_toast": true,
      "announce_to_chat": true,
      "hidden": false
  },
  "criteria": {
    "requirement": {
      "trigger": "minecraft:inventory_changed",
      "conditions": {
        "items": [
          {
           "items":[ "minecraft:oxidized_cut_copper_stairs" ]}          
        ]
      }
    }
  },
  "rewards": {
    "function": "minecraft:construccion/oxidizedcutcopperstairs"
  },
  "parent": "fullitem:construccion/oxidizedcutcopper"
}