{
  "display": {
    "description":   "Has obtenido Packed ice.",
"title": "Packed ice",
          "icon": {
      "id": "minecraft:packed_ice"
    },
      "frame": "goal",
      "show_toast": true,
      "announce_to_chat": true,
      "hidden": false
  },
  "criteria": {
    "requirement": {
      "trigger": "minecraft:inventory_changed",
      "conditions": {
        "items": [
          {
           "items":[ "minecraft:packed_ice" ]}          
        ]
      }
    }
  },
  "rewards": {
    "function": "minecraft:construccion/packedice"
  },
  "parent": "fullitem:construccion/blueterracotta"
}