{
  "display": {
    "description":   "Has obtenido Pearlescent froglight.",
"title": "Pearlescent froglight",
          "icon": {
      "id": "minecraft:pearlescent_froglight"
    },
      "frame": "goal",
      "show_toast": true,
      "announce_to_chat": true,
      "hidden": false
  },
  "criteria": {
    "requirement": {
      "trigger": "minecraft:inventory_changed",
      "conditions": {
        "items": [
          {
           "items":[ "minecraft:pearlescent_froglight" ]}          
        ]
      }
    }
  },
  "rewards": {
    "function": "minecraft:construccion/pearlescentfroglight"
  },
  "parent": "fullitem:construccion/muddymangroveroots"
}