{
  "display": {
    "description":   "Has obtenido Pumpkin.",
"title": "Pumpkin",
          "icon": {
      "id": "minecraft:pumpkin"
    },
      "frame": "goal",
      "show_toast": true,
      "announce_to_chat": true,
      "hidden": false
  },
  "criteria": {
    "requirement": {
      "trigger": "minecraft:inventory_changed",
      "conditions": {
        "items": [
          {
           "items":[ "minecraft:pumpkin" ]}          
        ]
      }
    }
  },
  "rewards": {
    "function": "minecraft:construccion/pumpkin"
  },
  "parent": "fullitem:construccion/deepslateironore"
}