{
  "display": {
    "description":   "Has obtenido Quartz bricks.",
"title": "Quartz bricks",
          "icon": {
      "id": "minecraft:quartz_bricks"
    },
      "frame": "goal",
      "show_toast": true,
      "announce_to_chat": true,
      "hidden": false
  },
  "criteria": {
    "requirement": {
      "trigger": "minecraft:inventory_changed",
      "conditions": {
        "items": [
          {
           "items":[ "minecraft:quartz_bricks" ]}          
        ]
      }
    }
  },
  "rewards": {
    "function": "minecraft:construccion/quartzbricks"
  },
  "parent": "fullitem:construccion/polishedblackstonebricks"
}