{
  "display": {
    "description":   "Has obtenido Red concrete powder.",
"title": "Red concrete powder",
          "icon": {
      "id": "minecraft:red_concrete_powder"
    },
      "frame": "goal",
      "show_toast": true,
      "announce_to_chat": true,
      "hidden": false
  },
  "criteria": {
    "requirement": {
      "trigger": "minecraft:inventory_changed",
      "conditions": {
        "items": [
          {
           "items":[ "minecraft:red_concrete_powder" ]}          
        ]
      }
    }
  },
  "rewards": {
    "function": "minecraft:construccion/redconcretepowder"
  },
  "parent": "fullitem:construccion/pinkconcretepowder"
}