{
  "display": {
    "description":   "Has obtenido Copper sword.",
"title": "Copper sword",
          "icon": {
      "id": "minecraft:copper_sword"
    },
      "frame": "goal",
      "show_toast": true,
      "announce_to_chat": true,
      "hidden": false
  },
  "criteria": {
    "requirement": {
      "trigger": "minecraft:inventory_changed",
      "conditions": {
        "items": [
          {
           "items":[ "minecraft:copper_sword" ]}          
        ]
      }
    }
  },
  "rewards": {
    "function": "minecraft:combate/coppersword"
  },
  "parent": "fullitem:combate/pondergoathorn"
}