{
  "display": {
    "description":   "Has obtenido Ponder goat horn.",
"title": "Ponder goat horn",
          "icon": {
      "id": "minecraft:goat_horn"
    },
      "frame": "goal",
      "show_toast": true,
      "announce_to_chat": true,
      "hidden": false
  },
  "criteria": {
    "requirement": {
      "trigger": "minecraft:inventory_changed",
      "conditions": {
        "items": [
          {
           "items":[ "minecraft:goat_horn" ],          
"components": {
              "minecraft:instrument": "minecraft:ponder_goat_horn"
}
}
        ]
      }
    }
  },
  "rewards": {
    "function": "minecraft:combate/pondergoathorn"
  },
  "parent": "fullitem:combate/ironhelmet"
}