{
  "display": {
    "description":   "Has obtenido Yearn goat horn.",
"title": "Yearn goat horn",
          "icon": {
      "id": "minecraft:goat_horn"
    },
      "frame": "goal",
      "show_toast": true,
      "announce_to_chat": true,
      "hidden": false
  },
  "criteria": {
    "requirement": {
      "trigger": "minecraft:inventory_changed",
      "conditions": {
        "items": [
          {
           "items":[ "minecraft:goat_horn" ],          
"components": {
              "minecraft:instrument": "minecraft:yearn_goat_horn"
}
}
        ]
      }
    }
  },
  "rewards": {
    "function": "minecraft:combate/yearngoathorn"
  },
  "parent": "fullitem:combate/ironboots"
}