{
  "display": {
    "description":   "Has obtenido Apple.",
"title": "Apple",
          "icon": {
      "id": "minecraft:apple"
    },
      "frame": "goal",
      "show_toast": true,
      "announce_to_chat": true,
      "hidden": false
  },
  "criteria": {
    "requirement": {
      "trigger": "minecraft:inventory_changed",
      "conditions": {
        "items": [
          {
           "items":[ "minecraft:apple" ]}          
        ]
      }
    }
  },
  "rewards": {
    "function": "minecraft:alimentacion/apple"
  },
  "parent": "fullitem:alimentacion/pumpkinpie"
}