{
  "display": {
    "description":   "Has obtenido Beetroot soup.",
"title": "Beetroot soup",
          "icon": {
      "id": "minecraft:beetroot_soup"
    },
      "frame": "goal",
      "show_toast": true,
      "announce_to_chat": true,
      "hidden": false
  },
  "criteria": {
    "requirement": {
      "trigger": "minecraft:inventory_changed",
      "conditions": {
        "items": [
          {
           "items":[ "minecraft:beetroot_soup" ]}          
        ]
      }
    }
  },
  "rewards": {
    "function": "minecraft:alimentacion/beetrootsoup"
  },
  "parent": "fullitem:alimentacion/poisonouspotato"
}