{
  "display": {
    "description":   "Has obtenido Golden carrot.",
"title": "Golden carrot",
          "icon": {
      "id": "minecraft:golden_carrot"
    },
      "frame": "goal",
      "show_toast": true,
      "announce_to_chat": true,
      "hidden": false
  },
  "criteria": {
    "requirement": {
      "trigger": "minecraft:inventory_changed",
      "conditions": {
        "items": [
          {
           "items":[ "minecraft:golden_carrot" ]}          
        ]
      }
    }
  },
  "rewards": {
    "function": "minecraft:alimentacion/goldencarrot"
  },
  "parent": "fullitem:alimentacion/tropicalfish"
}