{
  "display": {
    "description":   "Has obtenido Milk bucket.",
"title": "Milk bucket",
          "icon": {
      "id": "minecraft:milk_bucket"
    },
      "frame": "goal",
      "show_toast": true,
      "announce_to_chat": true,
      "hidden": false
  },
  "criteria": {
    "requirement": {
      "trigger": "minecraft:inventory_changed",
      "conditions": {
        "items": [
          {
           "items":[ "minecraft:milk_bucket" ]}          
        ]
      }
    }
  },
  "rewards": {
    "function": "minecraft:alimentacion/milkbucket"
  },
  "parent": "fullitem:alimentacion/cookedcod"
}