{
  "display": {
    "description":   "Has obtenido Chiseled stone bricks.",
"title": "Chiseled stone bricks",
          "icon": {
      "id": "minecraft:chiseled_stone_bricks"
    },
      "frame": "goal",
      "show_toast": true,
      "announce_to_chat": true,
      "hidden": false
  },
  "criteria": {
    "requirement": {
      "trigger": "minecraft:inventory_changed",
      "conditions": {
        "items": [
          {
           "items":[ "minecraft:chiseled_stone_bricks" ]}          
        ]
      }
    }
  },
  "rewards": {
    "function": "minecraft:construccion/chiseledstonebricks"
  },
  "parent": "fullitem:construccion/soulsand"
}