{
  "display": {
    "description":   "Has obtenido Granite.",
"title": "Granite",
          "icon": {
      "id": "minecraft:granite"
    },
      "frame": "goal",
      "show_toast": true,
      "announce_to_chat": true,
      "hidden": false
  },
  "criteria": {
    "requirement": {
      "trigger": "minecraft:inventory_changed",
      "conditions": {
        "items": [
          {
           "items":[ "minecraft:granite" ]}          
        ]
      }
    }
  },
  "rewards": {
    "function": "minecraft:construccion/granite"
  },
  "parent": "fullitem:construccion/mossycobblestonestairs"
}