{
  "display": {
    "description":   "Has obtenido Gray terracotta.",
"title": "Gray terracotta",
          "icon": {
      "id": "minecraft:gray_terracotta"
    },
      "frame": "goal",
      "show_toast": true,
      "announce_to_chat": true,
      "hidden": false
  },
  "criteria": {
    "requirement": {
      "trigger": "minecraft:inventory_changed",
      "conditions": {
        "items": [
          {
           "items":[ "minecraft:gray_terracotta" ]}          
        ]
      }
    }
  },
  "rewards": {
    "function": "minecraft:construccion/grayterracotta"
  },
  "parent": "fullitem:construccion/quartzstairs"
}