{
  "display": {
    "description":   "Has obtenido Ice.",
"title": "Ice",
          "icon": {
      "id": "minecraft:ice"
    },
      "frame": "goal",
      "show_toast": true,
      "announce_to_chat": true,
      "hidden": false
  },
  "criteria": {
    "requirement": {
      "trigger": "minecraft:inventory_changed",
      "conditions": {
        "items": [
          {
           "items":[ "minecraft:ice" ]}          
        ]
      }
    }
  },
  "rewards": {
    "function": "minecraft:construccion/ice"
  },
  "parent": "fullitem:construccion/deepslatediamondore"
}