{
  "display": {
    "description":   "Has obtenido Netherrack.",
"title": "Netherrack",
          "icon": {
      "id": "minecraft:netherrack"
    },
      "frame": "goal",
      "show_toast": true,
      "announce_to_chat": true,
      "hidden": false
  },
  "criteria": {
    "requirement": {
      "trigger": "minecraft:inventory_changed",
      "conditions": {
        "items": [
          {
           "items":[ "minecraft:netherrack" ]}          
        ]
      }
    }
  },
  "rewards": {
    "function": "minecraft:construccion/netherrack"
  },
  "parent": "fullitem:construccion/deepslateredstoneore"
}