{
  "display": {
    "description":   "Has obtenido Podzol.",
"title": "Podzol",
          "icon": {
      "id": "minecraft:podzol"
    },
      "frame": "goal",
      "show_toast": true,
      "announce_to_chat": true,
      "hidden": false
  },
  "criteria": {
    "requirement": {
      "trigger": "minecraft:inventory_changed",
      "conditions": {
        "items": [
          {
           "items":[ "minecraft:podzol" ]}          
        ]
      }
    }
  },
  "rewards": {
    "function": "minecraft:construccion/podzol"
  },
  "parent": "fullitem:construccion/root"
}