{
  "display": {
    "description":   "Has obtenido Polished diorite slab.",
"title": "Polished diorite slab",
          "icon": {
      "id": "minecraft:polished_diorite_slab"
    },
      "frame": "goal",
      "show_toast": true,
      "announce_to_chat": true,
      "hidden": false
  },
  "criteria": {
    "requirement": {
      "trigger": "minecraft:inventory_changed",
      "conditions": {
        "items": [
          {
           "items":[ "minecraft:polished_diorite_slab" ]}          
        ]
      }
    }
  },
  "rewards": {
    "function": "minecraft:construccion/polisheddioriteslab"
  },
  "parent": "fullitem:construccion/polishedandesiteslab"
}