{
  "display": {
    "description":   "Has obtenido Red sandstone stairs.",
"title": "Red sandstone stairs",
          "icon": {
      "id": "minecraft:red_sandstone_stairs"
    },
      "frame": "goal",
      "show_toast": true,
      "announce_to_chat": true,
      "hidden": false
  },
  "criteria": {
    "requirement": {
      "trigger": "minecraft:inventory_changed",
      "conditions": {
        "items": [
          {
           "items":[ "minecraft:red_sandstone_stairs" ]}          
        ]
      }
    }
  },
  "rewards": {
    "function": "minecraft:construccion/redsandstonestairs"
  },
  "parent": "fullitem:construccion/darkprismarine"
}