{
  "display": {
    "description":   "Has obtenido Soul soil.",
"title": "Soul soil",
          "icon": {
      "id": "minecraft:soul_soil"
    },
      "frame": "goal",
      "show_toast": true,
      "announce_to_chat": true,
      "hidden": false
  },
  "criteria": {
    "requirement": {
      "trigger": "minecraft:inventory_changed",
      "conditions": {
        "items": [
          {
           "items":[ "minecraft:soul_soil" ]}          
        ]
      }
    }
  },
  "rewards": {
    "function": "minecraft:construccion/soulsoil"
  },
  "parent": "fullitem:construccion/strippedwarpedhyphae"
}