{
  "display": {
    "description":   "Has obtenido White terracotta.",
"title": "White terracotta",
          "icon": {
      "id": "minecraft:white_terracotta"
    },
      "frame": "goal",
      "show_toast": true,
      "announce_to_chat": true,
      "hidden": false
  },
  "criteria": {
    "requirement": {
      "trigger": "minecraft:inventory_changed",
      "conditions": {
        "items": [
          {
           "items":[ "minecraft:white_terracotta" ]}          
        ]
      }
    }
  },
  "rewards": {
    "function": "minecraft:construccion/whiteterracotta"
  },
  "parent": "fullitem:construccion/sprucestairs"
}