{
  "display": {
    "description":   "Has obtenido Chorus fruit.",
"title": "Chorus fruit",
          "icon": {
      "id": "minecraft:chorus_fruit"
    },
      "frame": "goal",
      "show_toast": true,
      "announce_to_chat": true,
      "hidden": false
  },
  "criteria": {
    "requirement": {
      "trigger": "minecraft:inventory_changed",
      "conditions": {
        "items": [
          {
           "items":[ "minecraft:chorus_fruit" ]}          
        ]
      }
    }
  },
  "rewards": {
    "function": "minecraft:alimentacion/chorusfruit"
  },
  "parent": "fullitem:alimentacion/pufferfish"
}