{
  "display": {
    "description":   "Has obtenido Honey bottle.",
"title": "Honey bottle",
          "icon": {
      "id": "minecraft:honey_bottle"
    },
      "frame": "goal",
      "show_toast": true,
      "announce_to_chat": true,
      "hidden": false
  },
  "criteria": {
    "requirement": {
      "trigger": "minecraft:inventory_changed",
      "conditions": {
        "items": [
          {
           "items":[ "minecraft:honey_bottle" ]}          
        ]
      }
    }
  },
  "rewards": {
    "function": "minecraft:alimentacion/honeybottle"
  },
  "parent": "fullitem:alimentacion/bread"
}