{
  "display": {
    "description":   "Has obtenido Baked potato.",
"title": "Baked potato",
          "icon": {
      "id": "minecraft:baked_potato"
    },
      "frame": "goal",
      "show_toast": true,
      "announce_to_chat": true,
      "hidden": false
  },
  "criteria": {
    "requirement": {
      "trigger": "minecraft:inventory_changed",
      "conditions": {
        "items": [
          {
           "items":[ "minecraft:baked_potato" ]}          
        ]
      }
    }
  },
  "rewards": {
    "function": "minecraft:alimentacion/bakedpotato"
  },
  "parent": "fullitem:alimentacion/beetrootsoup"
}