{
  "display": {
    "description":   "Has obtenido Rabbit.",
"title": "Rabbit",
          "icon": {
      "id": "minecraft:rabbit"
    },
      "frame": "goal",
      "show_toast": true,
      "announce_to_chat": true,
      "hidden": false
  },
  "criteria": {
    "requirement": {
      "trigger": "minecraft:inventory_changed",
      "conditions": {
        "items": [
          {
           "items":[ "minecraft:rabbit" ]}          
        ]
      }
    }
  },
  "rewards": {
    "function": "minecraft:alimentacion/rabbit"
  },
  "parent": "fullitem:alimentacion/goldencarrot"
}