{
  "display": {
    "description":   "Has obtenido Acacia shelf.",
"title": "Acacia shelf",
          "icon": {
      "id": "minecraft:acacia_shelf"
    },
      "frame": "goal",
      "show_toast": true,
      "announce_to_chat": true,
      "hidden": false
  },
  "criteria": {
    "requirement": {
      "trigger": "minecraft:inventory_changed",
      "conditions": {
        "items": [
          {
           "items":[ "minecraft:acacia_shelf" ]}          
        ]
      }
    }
  },
  "rewards": {
    "function": "minecraft:decoracion/acaciashelf"
  },
  "parent": "fullitem:decoracion/fireflybush"
}