{
  "display": {
    "description":   "Has obtenido Azure bluet.",
"title": "Azure bluet",
          "icon": {
      "id": "minecraft:azure_bluet"
    },
      "frame": "goal",
      "show_toast": true,
      "announce_to_chat": true,
      "hidden": false
  },
  "criteria": {
    "requirement": {
      "trigger": "minecraft:inventory_changed",
      "conditions": {
        "items": [
          {
           "items":[ "minecraft:azure_bluet" ]}          
        ]
      }
    }
  },
  "rewards": {
    "function": "minecraft:decoracion/azurebluet"
  },
  "parent": "fullitem:decoracion/fern"
}