{
  "display": {
    "description":   "Has obtenido Acacia log.",
"title": "Acacia log",
          "icon": {
      "id": "minecraft:acacia_log"
    },
      "frame": "goal",
      "show_toast": true,
      "announce_to_chat": true,
      "hidden": false
  },
  "criteria": {
    "requirement": {
      "trigger": "minecraft:inventory_changed",
      "conditions": {
        "items": [
          {
           "items":[ "minecraft:acacia_log" ]}          
        ]
      }
    }
  },
  "rewards": {
    "function": "minecraft:construccion/acacialog"
  },
  "parent": "fullitem:construccion/acaciaplanks"
}