{
  "display": {
    "description":   "Has obtenido Cracked nether bricks.",
"title": "Cracked nether bricks",
          "icon": {
      "id": "minecraft:cracked_nether_bricks"
    },
      "frame": "goal",
      "show_toast": true,
      "announce_to_chat": true,
      "hidden": false
  },
  "criteria": {
    "requirement": {
      "trigger": "minecraft:inventory_changed",
      "conditions": {
        "items": [
          {
           "items":[ "minecraft:cracked_nether_bricks" ]}          
        ]
      }
    }
  },
  "rewards": {
    "function": "minecraft:construccion/crackednetherbricks"
  },
  "parent": "fullitem:construccion/stonebricks"
}