{
  "display": {
    "description":   "Has obtenido Smooth red sandstone.",
"title": "Smooth red sandstone",
          "icon": {
      "id": "minecraft:smooth_red_sandstone"
    },
      "frame": "goal",
      "show_toast": true,
      "announce_to_chat": true,
      "hidden": false
  },
  "criteria": {
    "requirement": {
      "trigger": "minecraft:inventory_changed",
      "conditions": {
        "items": [
          {
           "items":[ "minecraft:smooth_red_sandstone" ]}          
        ]
      }
    }
  },
  "rewards": {
    "function": "minecraft:construccion/smoothredsandstone"
  },
  "parent": "fullitem:construccion/darkoakwood"
}