{
  "display": {
    "description":   "Has obtenido Stripped acacia wood.",
"title": "Stripped acacia wood",
          "icon": {
      "id": "minecraft:stripped_acacia_wood"
    },
      "frame": "goal",
      "show_toast": true,
      "announce_to_chat": true,
      "hidden": false
  },
  "criteria": {
    "requirement": {
      "trigger": "minecraft:inventory_changed",
      "conditions": {
        "items": [
          {
           "items":[ "minecraft:stripped_acacia_wood" ]}          
        ]
      }
    }
  },
  "rewards": {
    "function": "minecraft:construccion/strippedacaciawood"
  },
  "parent": "fullitem:construccion/strippedjunglelog"
}