{
  "display": {
    "description":   "Has obtenido Glow berries.",
"title": "Glow berries",
          "icon": {
      "id": "minecraft:glow_berries"
    },
      "frame": "goal",
      "show_toast": true,
      "announce_to_chat": true,
      "hidden": false
  },
  "criteria": {
    "requirement": {
      "trigger": "minecraft:inventory_changed",
      "conditions": {
        "items": [
          {
           "items":[ "minecraft:glow_berries" ]}          
        ]
      }
    }
  },
  "rewards": {
    "function": "minecraft:alimentacion/glowberries"
  },
  "parent": "fullitem:alimentacion/cookedbeef"
}