{
    "display": {
        "icon": {
            "id": "minecraft:golden_apple"
        },
        "title":"Alimentacion",
        "description": "Obten todos los item de alimentacion",
        "background": "minecraft:textures/block/oak_planks.png",
        "show_toast": false,
        "announce_to_chat": false
    },
	"rewards": {
		"function": "minecraft:alimentacion/root"
    },		
       "criteria": {
        "item": {
            "trigger": "minecraft:inventory_changed",
            "conditions": {
            }
        }
    }
}