{
  "display": {
    "description":   "Has obtenido Spider eye.",
"title": "Spider eye",
          "icon": {
      "id": "minecraft:spider_eye"
    },
      "frame": "goal",
      "show_toast": true,
      "announce_to_chat": true,
      "hidden": false
  },
  "criteria": {
    "requirement": {
      "trigger": "minecraft:inventory_changed",
      "conditions": {
        "items": [
          {
           "items":[ "minecraft:spider_eye" ]}          
        ]
      }
    }
  },
  "rewards": {
    "function": "minecraft:alimentacion/spidereye"
  },
  "parent": "fullitem:alimentacion/melonslice"
}