{
  "display": {
    "description": {
      "text": "Has obtenido Diamond boots.",
      "color": "yellow"
    },
    "title": {
      "text": " Diamond boots ",
      "color": "white"
    },
    "icon": {
      "item": "minecraft:diamond_boots"
    },
      "frame": "goal",
      "show_toast": true,
      "announce_to_chat": true,
      "hidden": false
  },
  "criteria": {
    "stone": {
      "trigger": "minecraft:inventory_changed",
      "conditions": {
        "items": [
          {
           "items":[ "minecraft:diamond_boots" ]}          
        ]
      }
    }
  },
  "rewards": {
    "function": "function:combate/diamondboots"
  },
  "parent": "fullitem:combate/leatherboots"
}