{
  "display": {
    "description": {
      "text": "Has obtenido Leather chestplate.",
      "color": "yellow"
    },
    "title": {
      "text": " Leather chestplate ",
      "color": "white"
    },
    "icon": {
      "item": "minecraft:leather_chestplate"
    },
      "frame": "goal",
      "show_toast": true,
      "announce_to_chat": true,
      "hidden": false
  },
  "criteria": {
    "stone": {
      "trigger": "minecraft:inventory_changed",
      "conditions": {
        "items": [
          {
           "items":[ "minecraft:leather_chestplate" ]}          
        ]
      }
    }
  },
  "rewards": {
    "function": "function:combate/leatherchestplate"
  },
  "parent": "fullitem:combate/root"
}