{
  "display": {
    "description": {
      "text": "Has obtenido Leather leggings.",
      "color": "yellow"
    },
    "title": {
      "text": " Leather leggings ",
      "color": "white"
    },
    "icon": {
      "item": "minecraft:leather_leggings"
    },
      "frame": "goal",
      "show_toast": true,
      "announce_to_chat": true,
      "hidden": false
  },
  "criteria": {
    "stone": {
      "trigger": "minecraft:inventory_changed",
      "conditions": {
        "items": [
          {
           "items":[ "minecraft:leather_leggings" ]}          
        ]
      }
    }
  },
  "rewards": {
    "function": "function:combate/leatherleggings"
  },
  "parent": "fullitem:combate/turtlehelmet"
}