{
  "display": {
    "description": {
      "text": "Has obtenido Stone sword.",
      "color": "yellow"
    },
    "title": {
      "text": " Stone sword ",
      "color": "white"
    },
    "icon": {
      "item": "minecraft:stone_sword"
    },
      "frame": "goal",
      "show_toast": true,
      "announce_to_chat": true,
      "hidden": false
  },
  "criteria": {
    "stone": {
      "trigger": "minecraft:inventory_changed",
      "conditions": {
        "items": [
          {
           "items":[ "minecraft:stone_sword" ]}          
        ]
      }
    }
  },
  "rewards": {
    "function": "function:combate/stonesword"
  },
  "parent": "fullitem:combate/spectralarrow"
}