{
  "display": {
    "description":   "Has obtenido Crossbow.",
"title": "Crossbow",
          "icon": {
      "id": "minecraft:crossbow"
    },
      "frame": "goal",
      "show_toast": true,
      "announce_to_chat": true,
      "hidden": false
  },
  "criteria": {
    "requirement": {
      "trigger": "minecraft:inventory_changed",
      "conditions": {
        "items": [
          {
           "items":[ "minecraft:crossbow" ]}          
        ]
      }
    }
  },
  "rewards": {
    "function": "minecraft:combate/crossbow"
  },
  "parent": "fullitem:combate/root"
}