{
  "display": {
    "description":   "Has obtenido Cooked chicken.",
"title": "Cooked chicken",
          "icon": {
      "id": "minecraft:cooked_chicken"
    },
      "frame": "goal",
      "show_toast": true,
      "announce_to_chat": true,
      "hidden": false
  },
  "criteria": {
    "requirement": {
      "trigger": "minecraft:inventory_changed",
      "conditions": {
        "items": [
          {
           "items":[ "minecraft:cooked_chicken" ]}          
        ]
      }
    }
  },
  "rewards": {
    "function": "minecraft:alimentacion/cookedchicken"
  },
  "parent": "fullitem:alimentacion/cake"
}