{
  "display": {
    "description":   "Has obtenido Cooked rabbit.",
"title": "Cooked rabbit",
          "icon": {
      "id": "minecraft:cooked_rabbit"
    },
      "frame": "goal",
      "show_toast": true,
      "announce_to_chat": true,
      "hidden": false
  },
  "criteria": {
    "requirement": {
      "trigger": "minecraft:inventory_changed",
      "conditions": {
        "items": [
          {
           "items":[ "minecraft:cooked_rabbit" ]}          
        ]
      }
    }
  },
  "rewards": {
    "function": "minecraft:alimentacion/cookedrabbit"
  },
  "parent": "fullitem:alimentacion/chorusfruit"
}