{
  "display": {
    "description":   "Has obtenido Melon slice.",
"title": "Melon slice",
          "icon": {
      "id": "minecraft:melon_slice"
    },
      "frame": "goal",
      "show_toast": true,
      "announce_to_chat": true,
      "hidden": false
  },
  "criteria": {
    "requirement": {
      "trigger": "minecraft:inventory_changed",
      "conditions": {
        "items": [
          {
           "items":[ "minecraft:melon_slice" ]}          
        ]
      }
    }
  },
  "rewards": {
    "function": "minecraft:alimentacion/melonslice"
  },
  "parent": "fullitem:alimentacion/enchantedgoldenapple"
}