{
  "display": {
    "description":   "Has obtenido Mushroom stew.",
"title": "Mushroom stew",
          "icon": {
      "id": "minecraft:mushroom_stew"
    },
      "frame": "goal",
      "show_toast": true,
      "announce_to_chat": true,
      "hidden": false
  },
  "criteria": {
    "requirement": {
      "trigger": "minecraft:inventory_changed",
      "conditions": {
        "items": [
          {
           "items":[ "minecraft:mushroom_stew" ]}          
        ]
      }
    }
  },
  "rewards": {
    "function": "minecraft:alimentacion/mushroomstew"
  },
  "parent": "fullitem:alimentacion/cookedrabbit"
}